property_id,latitude,longitude,geocoding_accuracy,county,county_fips_code,congressional_district_code,census_tract,municipality_fips,municipality_name,hud_property_name,property_street_address,city,state,zip_code,units,assisted_units,occupancy_date,property_category_name,property_manager_name,property_manager_company,property_manager_address,property_manager_phone,property_manager_email,contract_id,program_type,subsidy_units,subsidy_expiration_date,count_0br,count_1br,count_2br,count_3br,count_4br,count_5plusbr,servicing_site_name_loan,inspection_id,inspection_score,client_group_name,client_group_type,geom,geom_webmercator
800975041,40.64510567306537,-79.89672010845841,R,Allegheny,42003,18,42032145548,800992328,Cheswick,Freedom Map,1049 Chenery Pass,Bloomington,PA,43785,3,19,2015-01-19,Insured-Subsidized,Colby Hayes,Briggs & Stratton,621 Parkridge Trace,(412) 162-2175,operators1835@outlook.com,PA65JMJ5640,223(a)(7) Refi of 223f Nursing/ ICF,20,2032-05-04,160,71,5,104,95,10,Pittsburgh,626177,49,Assisted Living Care,None,POINT (4524592.466764432 -15472838.23778243),POINT (4524592.466764432 -15472838.23778243)
800688557,40.40416112095109,-80.13272778881579,R,Allegheny,42003,12,42013913411,800563495,Bell Acres,Locost Accessories,112 Skyline Trail,Woodburn,PA,13184,312,130,1983-11-07,Insured-Subsidized,Gonzalo Santiago,Red River Broadcasting,577 Mistral Row,(412) 017-4164,lafayette1920@gmail.com,PA48OFI4075,202/8 SR,39,2020-08-22,236,85,90,69,77,9,Baltimore,673726,89,Elderly,None,POINT (4497770.641913657 -15624361.969737954),POINT (4497770.641913657 -15624361.969737954)
800386131,40.637812818165266,-79.99109064835206,R,Allegheny,42003,18,42035993196,800082615,West Elizabeth,77 Edgewood Boulevard,16 Cervantes Field,Juneau,PA,81460,289,8,2014-08-01,Insured-Unsubsidized,Londa Sargent,Netcore,555 Malden Plaza,(412) 709-9146,paraguay1841@gmail.com,PA35HMS8982,223(a)(7) Refi of 223f ALF,123,2026-08-06,104,417,226,137,0,4,Pittsburgh,627281,43,Assisted Living Care,None,POINT (4523780.629870523 -15533002.153950207),POINT (4523780.629870523 -15533002.153950207)
800281234,40.35127893139927,-79.7898768352056,R,Allegheny,42003,12,42004725913,800094239,Cheswick,Brinker International,630 Normandie Creek,Gainesville,PA,46121,82,87,2001-05-19,Insured-Subsidized,Armando Carlson,The Happy Bear,406 Flournoy Estate,(412) 210-8926,know1952@outlook.com,PA61UTZ9156,202/8 SR,73,2022-10-21,101,319,59,95,80,6,Pittsburgh,617721,53,Elderly,Family,POINT (4491883.823500715 -15405390.211219583),POINT (4491883.823500715 -15405390.211219583)
800545973,40.55559442100302,-80.12866388952813,R,Allegheny,42003,14,42046976176,800948152,Baldwin,Arryx,8 Caselli Hill,Laguna Beach,PA,34471,166,89,1977-06-21,Insured-Subsidized,Les Burton,Gamma Realty,894 Yale Extension,(412) 168-7778,operational1929@example.com,PA55ZGU2740,202/8 NC,129,2030-11-18,161,234,33,85,35,8,OHP,616829,70,Family & Elderly,Family,POINT (4514628.119764583 -15621722.601308662),POINT (4514628.119764583 -15621722.601308662)
800792627,40.54559853074297,-80.05150915122802,R,Allegheny,42003,18,42034887581,800763210,Crafton,Albertsons LLC,1014 Bay Point,West Mifflin,PA,46523,188,192,2015-01-21,Insured-Unsubsidized,Danilo Rush,General Electric,196 Giants Circle,(412) 546-7525,florence2018@protonmail.com,PA40XXA0244,223(a)(7) Refi of 223f Nursing/ ICF,152,2039-04-25,12,15,135,153,21,10,Pittsburgh,641630,66,Assisted Living Care,None,POINT (4513515.382350809 -15571816.197463078),POINT (4513515.382350809 -15571816.197463078)
800354398,40.40356140726572,-80.05707864732709,R,Allegheny,42003,12,42075705117,800916955,Oakdale,US Cellular,42 Pacific Green,Rosemead,PA,65095,121,12,1976-06-24,Insured-Unsubsidized,Carmelina Mckinney,Procter & Gamble,606 Davenport Mews,(412) 529-3310,ultram2002@yandex.com,PA00BGX6768,202/8 SR,142,2023-05-26,231,15,58,24,73,3,Baltimore,576672,79,Assisted Living Care,Family,POINT (4497703.88209158 -15575405.89080151),POINT (4497703.88209158 -15575405.89080151)
800346018,40.63523579140171,-80.07779675179614,R,Allegheny,42003,18,42002071230,800241826,Heidelberg,825 Trainor Ranch,633 North Hughes Alley,Corsicana,PA,96308,118,25,1968-04-12,Insured-Unsubsidized,Clint Zimmerman,Infinite Wealth Planners,519 Orchard Crescent,(412) 557-7275,glenn1851@yahoo.com,PA47PHK7526,202/8 SR,145,2034-10-01,40,376,248,193,34,1,Baltimore,528892,32,Elderly,Elderly,POINT (4523493.756563444 -15588776.77600981),POINT (4523493.756563444 -15588776.77600981)
800101157,40.624151505614904,-80.01120140111883,R,Allegheny,42003,16,42092265652,800138741,Verona,1390 Gough Garden,520 Mississippi Highway,Kalamazoo,PA,77318,116,92,1988-10-22,Insured-Subsidized,Tamisha Burt,Go Daddy,231 Golden Hill,(412) 541-9140,aware1972@example.org,PA21HWZ1385,223(a)(7) Refi of 223f Nursing/ ICF,168,2027-09-19,176,248,158,143,7,9,OHP,665463,35,Assisted Living Care,Elderly,POINT (4522259.859513849 -15545895.888397029),POINT (4522259.859513849 -15545895.888397029)
800329456,40.4985463026355,-80.29795538614124,R,Allegheny,42003,14,42085816745,800826982,Ben Avon Heights,367 Jewett Court,725 Albatross Creek,Morganton,PA,76497,345,144,2015-08-14,Insured-Unsubsidized,Elijah Sherman,Midway Games,666 Cerritos Terrace,(412) 581-5561,isle1952@yandex.com,PA96JIN4831,202/8 SR,45,2043-02-24,103,90,249,54,25,7,Pittsburgh,547382,34,Assisted Living Care,Family,POINT (4508277.552277196 -15732593.56124141),POINT (4508277.552277196 -15732593.56124141)
800221779,40.60507290173862,-79.82804431875938,R,Allegheny,42003,17,42075516470,800766176,Versailles,1230 Old Decatur Landing,792 Barcelona Road,Broomfield,PA,04033,34,58,2011-11-11,Insured-Unsubsidized,Tai Alston,Adaptabiz,20 Heritage Stravenue,(412) 293-4342,nightlife1850@yandex.com,PA01VLS3735,202/8 NC,105,2024-01-02,76,193,180,158,55,3,Baltimore,651851,50,Assisted Living Care,None,POINT (4520136.039045295 -15429404.059210483),POINT (4520136.039045295 -15429404.059210483)
800688660,40.64748929286815,-79.78148327737811,R,Allegheny,42003,15,42046205173,800520486,Glassport,7 Felix Terrace,705 El Mirasol Arcade,South Jordan,PA,87329,263,167,2011-10-07,Insured-Subsidized,Lasonya Mullen,Xray Eye & Vision Clinics,411 Clarion Creek,(412) 563-8673,temperatures2076@protonmail.com,PA58TOK6743,202/8 NC,102,2024-03-26,135,484,3,28,69,10,Baltimore,546531,46,Family & Elderly,Family,POINT (4524857.810107122 -15400121.148633197),POINT (4524857.810107122 -15400121.148633197)
800124383,40.37998150903874,-80.0857440999648,R,Allegheny,42003,16,42026591988,800227869,Ohio,ArvinMeritor,1223 Ulloa Annex,Eastlake,PA,37673,324,131,2019-04-25,Insured-Subsidized,Mariella Velez,DuPont,1136 Fort Funston Rapids,(412) 533-4342,arms1941@yahoo.com,PA19ARZ1816,223(a)(7) Refi of 223f Nursing/ ICF,82,2038-12-16,94,390,170,105,19,8,OHP,643757,50,Assisted Living Care,Family,POINT (4495078.979827995 -15593913.108192075),POINT (4495078.979827995 -15593913.108192075)
800988753,40.4207795546278,-79.8943819661566,R,Allegheny,42003,12,42041268763,800567682,Ingram,95 Michigan Mall,407 Rome Bypass,Moorpark,PA,55356,165,176,1996-07-11,Insured-Subsidized,Toi Butler,Amy's Kitchen,12 Blythdale Spur,(412) 331-6843,sync2023@yandex.com,PA96TOU2230,223(a)(7) Refi of 223f ALF,190,2042-02-16,115,25,40,195,36,0,Baltimore,636486,66,Family & Elderly,Family,POINT (4499620.59748833 -15471354.675842281),POINT (4499620.59748833 -15471354.675842281)
800804890,40.322284875695345,-79.94232006368301,R,Allegheny,42003,17,42035255130,800161674,Bell Acres,United Services Automobile Association,31 Gillette Estate,Thomasville,PA,16796,84,70,1975-06-18,Insured-Subsidized,Antony Hudson,Intel,474 Pagoda Bypass,(412) 303-8380,wow1909@example.com,PA99JAE7160,223(a)(7) Refi of 223f Nursing/ ICF,78,2029-08-11,146,148,233,133,88,5,Baltimore,646179,61,Assisted Living Care,Elderly,POINT (4488656.219983722 -15501839.749174012),POINT (4488656.219983722 -15501839.749174012)
800225120,40.3876062994063,-80.00507918066307,R,Allegheny,42003,13,42053252639,800644113,Crafton,Quest Technology Service,350 Nibbi Loop,Knoxville,PA,03509,326,89,2006-08-22,Insured-Unsubsidized,Kent Gutierrez,SBC Communications,874 Fulton Point,(412) 982-8634,portable1810@live.com,PA25JFG8764,223(a)(7) Refi of 223f ALF,105,2032-05-11,90,116,61,58,12,6,OHP,504482,28,Family & Elderly,Family,POINT (4495927.767609117 -15541967.991898376),POINT (4495927.767609117 -15541967.991898376)
800313421,40.29623600090044,-79.81912890132779,R,Allegheny,42003,18,42020236202,800979344,Wall,1295 Gatun Lodge,1154 Ingleside Center,McMinnville,PA,65633,282,121,2012-02-14,Insured-Subsidized,Temika Bird,Bountiful Harvest Health Food Store,737 Surrey Canyon,(412) 292-4740,suspected2045@duck.com,PA08PYF7671,223(a)(7) Refi of 223f ALF,23,2024-03-22,87,283,47,12,21,5,OHP,692238,46,Family & Elderly,Family,POINT (4485756.472505815 -15423786.772467408),POINT (4485756.472505815 -15423786.772467408)
800008697,40.39233194323756,-79.74142918165926,R,Allegheny,42003,15,42082005413,800297509,Plum,555 Sears Creek,964 Irving Ferry,Hallandale Beach,PA,68520,1,191,1990-09-02,Insured-Subsidized,Stuart Bean,Netcom Business Services,118 Avila Glen,(412) 406-9628,surgeon1926@yandex.com,PA02WUI6209,202/8 NC,167,2024-05-05,12,452,19,86,32,10,Pittsburgh,517271,81,Elderly,Elderly,POINT (4496453.823874083 -15375035.984811595),POINT (4496453.823874083 -15375035.984811595)
800240719,40.585595842859185,-79.9404675071654,R,Allegheny,42003,13,42070458923,800926748,Marshall,Electronic Data Systems,1198 Diamond Heights Row,Johnstown,PA,80965,10,55,1997-04-02,Insured-Unsubsidized,Ken Yang,Martin Marietta Materials,1038 Marist Field,(412) 134-5764,distributors1993@protonmail.com,PA67RFH3870,223(a)(7) Refi of 223f ALF,113,2027-06-09,224,228,73,105,89,4,Baltimore,639254,35,Elderly,None,POINT (4517967.862768685 -15500658.991939312),POINT (4517967.862768685 -15500658.991939312)
800413391,40.471904588778514,-80.22440128825203,R,Allegheny,42003,18,42092166797,800639922,Versailles,Brown-Forman Corporation,1318 Lucy Estate,Murrysville,PA,32326,281,115,2004-03-26,Insured-Unsubsidized,Dylan Quinn,The Lawn Guru,381 Ingleside Garden,(412) 075-8828,summaries1977@duck.com,PA26UWL3981,202/8 SR,92,2033-06-10,165,413,65,111,0,9,OHP,513295,60,Elderly,None,POINT (4505311.810256776 -15684188.630797638),POINT (4505311.810256776 -15684188.630797638)
800868564,40.48908549786578,-80.17081682987043,R,Allegheny,42003,13,42094087113,800687435,Brackenridge,902 Utah Court,890 Cosgrove Turnpike,Carrboro,PA,81953,132,43,1975-07-29,Insured-Subsidized,Miquel Bush,Enrich Garden Services,1331 West View Ferry,(412) 175-3366,distribute2037@live.com,PA15RZL0768,223(a)(7) Refi of 223f Nursing/ ICF,154,2030-08-29,29,210,96,38,86,1,OHP,569383,46,Indv. families - not eld/ handicap	,Elderly,POINT (4507224.380307736 -15649151.99241149),POINT (4507224.380307736 -15649151.99241149)
800928526,40.28950943181187,-79.86459455642367,R,Allegheny,42003,13,42045914368,800015010,Clairton,Pfizer,725 Louisburg Cove,Pine Bluff,PA,71695,184,153,2002-04-11,Insured-Subsidized,Pauletta Clay,Applebee's,707 Dr Tom Waddell Alley,(412) 875-6623,mlb1879@yandex.com,PA30RGZ0165,223(a)(7) Refi of 223f ALF,50,2024-10-13,48,53,44,13,2,0,OHP,586878,100,Family & Elderly,Family,POINT (4485007.67426009 -15452484.100875134),POINT (4485007.67426009 -15452484.100875134)
800733069,40.43069227805725,-79.8274205045989,R,Allegheny,42003,17,42096542929,800840557,Leet,Abercrombie & Fitch,993 Dorantes Glen,Alliance,PA,23051,308,45,2000-04-08,Insured-Subsidized,Melodee Pena,Chicago Bridge & Iron Company,610 Stoneridge Drive,(412) 455-6314,terminal1894@outlook.com,PA30ICV9604,202/8 NC,100,2023-10-03,34,395,86,173,29,1,OHP,600697,91,Elderly,None,POINT (4500724.076812871 -15429010.857667357),POINT (4500724.076812871 -15429010.857667357)
800736068,40.46779679531689,-79.85006105941203,R,Allegheny,42003,18,42072547472,800741000,Glen Osborne,690 Franconia Park,1090 Kinzey Crescent,Trotwood,PA,07086,333,40,1988-03-23,Insured-Unsubsidized,Doretta Ware,Awthentikz,1064 Redwood Bend,(412) 278-8083,gorgeous2007@duck.com,PA81ENO8241,202/8 SR,139,2029-08-10,11,331,221,109,32,2,OHP,667003,26,Assisted Living Care,Family,POINT (4504854.532780345 -15443296.919585286),POINT (4504854.532780345 -15443296.919585286)
800984849,40.20532760922662,-79.86393599666376,R,Allegheny,42003,14,42098880134,800505836,Lincoln,UPS,1208 Decatur Walk,Lawndale,PA,64135,113,16,2012-10-11,Insured-Subsidized,Dacia Gallegos,"Sterling Ledet & Associates, Inc.",898 Ora Hill,(412) 508-6691,clothes1925@example.com,PA98DIK7191,223(a)(7) Refi of 223f Nursing/ ICF,50,2026-02-07,57,283,134,44,91,5,OHP,648617,100,Elderly,Elderly,POINT (4475636.596635851 -15452067.518086415),POINT (4475636.596635851 -15452067.518086415)
800799954,40.27731935341577,-79.96334383234641,R,Allegheny,42003,15,42051866970,800562097,Heidelberg,Dereon,741 Keyes Viaduct,Yucaipa,PA,36981,152,156,1984-07-11,Insured-Unsubsidized,Tajuana Stephens,Reliable Guidance,284 Edgemont Manor,(412) 124-8318,golden1808@duck.com,PA73LDA6967,202/8 NC,184,2025-08-14,34,327,7,104,64,3,OHP,529076,73,Family & Elderly,Family,POINT (4483650.680940307 -15515254.695309976),POINT (4483650.680940307 -15515254.695309976)
800295168,40.56163104000302,-80.04408415640711,R,Allegheny,42003,12,42069846208,800652296,Dravosburg,Enterasys Networks,762 Hernandez Station,Surprise,PA,82759,28,80,2011-08-12,Insured-Subsidized,Suanne Barr,Las Vegas Yard Management,1028 Omar Drive,(412) 847-1235,already1966@example.com,PA20TCU1692,202/8 NC,179,2022-09-12,130,1,110,86,49,3,OHP,524649,73,Indv. families - not eld/ handicap	,Elderly,POINT (4515300.113117776 -15567033.676905101),POINT (4515300.113117776 -15567033.676905101)
800467888,40.63475769164594,-79.85560596160782,R,Allegheny,42003,16,42027008088,800135326,Neville,294 Stillman Pass,1180 Brunswick Spur,Griffin,PA,14338,67,0,1980-12-21,Insured-Unsubsidized,Ginette Cook,Datacorp,193 Arellano Ranch,(412) 847-8184,msn1901@protonmail.com,PA62MTH1104,223(a)(7) Refi of 223f Nursing/ ICF,78,2043-07-09,166,232,203,119,45,1,OHP,683504,55,Indv. families - not eld/ handicap	,Family,POINT (4523440.5347420825 -15446800.528364405),POINT (4523440.5347420825 -15446800.528364405)
800837759,40.56879050836809,-80.08809977152508,R,Allegheny,42003,13,42079744188,800913197,North Versailles,Nabisco,527 Mistral Court,Cedar Hill,PA,16027,296,199,1999-06-12,Insured-Subsidized,Gaylene Abbott,Knockout Kickboxing,712 Vandewater Crescent,(412) 224-6773,efficiently1952@outlook.com,PA52CBZ0188,202/8 NC,39,2021-10-25,89,449,12,68,41,3,Pittsburgh,508258,70,Indv. families - not eld/ handicap	,Elderly,POINT (4516097.1014905255 -15595436.350362446),POINT (4516097.1014905255 -15595436.350362446)
800946666,40.30436946843422,-80.0531734206115,R,Allegheny,42003,16,42050676318,800553373,Findlay,862 Castle Manor Avenue,1090 Gibbon Highway,San Leandro,PA,35791,115,116,2006-12-30,Insured-Subsidized,Maurice Fleming,Vizio,113 Hanover Extension,(412) 614-7615,recipe1885@gmail.com,PA79TTU2115,223(a)(7) Refi of 223f ALF,29,2025-10-20,221,225,222,182,47,0,OHP,694952,92,Elderly,Family,POINT (4486661.885970059 -15572888.656371972),POINT (4486661.885970059 -15572888.656371972)
800874321,40.45979418859947,-79.92566471485287,R,Allegheny,42003,15,42055861965,800684368,North Braddock,Motorola,1301 Thorne Park,New Castle,PA,43552,126,123,1975-07-30,Insured-Unsubsidized,Emelia Travis,Global Insight,406 Stratford Estate,(412) 206-9537,disappointed2063@protonmail.com,PA62ZAX9321,223(a)(7) Refi of 223f Nursing/ ICF,22,2021-08-23,103,455,75,159,9,10,OHP,674387,29,Elderly,None,POINT (4503963.686675542 -15491231.91255542),POINT (4503963.686675542 -15491231.91255542)
800189029,40.52412983973552,-80.18331274672647,R,Allegheny,42003,13,42021625188,800344498,Cheswick,Martin Marietta Materials,748 Richard Henry Dana Canyon,Imperial Beach,PA,55218,332,151,2006-04-04,Insured-Unsubsidized,Vashti Morrow,Pointers,893 Avenue F Viaduct,(412) 734-8672,quebec1952@duck.com,PA86EKZ0086,202/8 SR,72,2024-02-16,65,274,86,34,25,4,Pittsburgh,658870,79,Assisted Living Care,Family,POINT (4511125.498599862 -15657305.61004501),POINT (4511125.498599862 -15657305.61004501)
800013671,40.4226459429659,-80.10343614101997,R,Allegheny,42003,13,42047193497,800598396,Wall,Netobill,93 Vista Verde Park,Newnan,PA,07387,214,18,2007-11-20,Insured-Subsidized,Homer Mckay,Beasts of Beauty,1076 Clarendon Expressway,(412) 326-5607,structure1925@yandex.com,PA91IVO8630,202/8 SR,75,2026-01-15,172,131,99,146,54,8,Baltimore,560159,87,Family & Elderly,Family,POINT (4499828.36288775 -15605362.040422428),POINT (4499828.36288775 -15605362.040422428)
800160077,40.54941989546431,-79.9752078635769,R,Allegheny,42003,15,42097242622,800789581,Coraopolis,612 Osceola Annex,270 Trinity Bypass,Worcester,PA,76615,111,78,2011-09-25,Insured-Subsidized,Milton Garrett,Lennox International,1339 Baker Shore,(412) 587-4464,usb1878@example.org,PA46JKN2578,223(a)(7) Refi of 223f ALF,151,2040-03-18,99,180,34,58,61,2,Baltimore,680708,55,Assisted Living Care,Family,POINT (4513940.774725724 -15522837.233783454),POINT (4513940.774725724 -15522837.233783454)
800936476,40.655070828342105,-79.9829951682797,R,Allegheny,42003,18,42060692112,800264508,North Versailles,Total Yard Management,451 Avenue Of The Palms Terrace,Rancho Palos Verdes,PA,32078,14,114,2009-06-15,Insured-Subsidized,Nadene Eaton,The Walt Disney Company,1222 Gold Extension,(412) 725-8199,physicians1980@gmail.com,PA74VIE3823,202/8 SR,106,2030-06-06,1,71,197,128,30,10,Baltimore,630402,85,Family & Elderly,Elderly,POINT (4525701.782775514 -15527819.084994437),POINT (4525701.782775514 -15527819.084994437)
800511553,40.48909258193436,-80.02714995922953,R,Allegheny,42003,16,42029257647,800621877,Franklin Park,1080 Cowles Field,102 Storrie Grove,Claremore,PA,34508,207,189,1974-09-11,Insured-Unsubsidized,Bethanie Shaw,Sky High Financial Advice,946 Bradford Stravenue,(412) 898-6218,milton2077@gmail.com,PA13EVK7173,202/8 NC,2,2024-03-15,224,138,220,136,98,3,Pittsburgh,666361,41,Assisted Living Care,None,POINT (4507225.168902643 -15556139.370705914),POINT (4507225.168902643 -15556139.370705914)
800099480,40.45585954619106,-79.79247708843867,R,Allegheny,42003,17,42071159719,800033278,Sharpsburg,Solution Answers,362 Livingston Viaduct,Saratoga Springs,PA,68090,231,178,1971-05-28,Insured-Subsidized,Samuel Cabrera,Bebo,55 Cook Run,(412) 380-9521,verzeichnis1857@protonmail.com,PA67COM8269,223(a)(7) Refi of 223f Nursing/ ICF,10,2032-10-21,51,158,20,118,31,5,OHP,601932,69,Family & Elderly,None,POINT (4503525.684286185 -15407023.391751237),POINT (4503525.684286185 -15407023.391751237)
800237173,40.42674816707481,-80.13935916979854,R,Allegheny,42003,13,42037372387,800786700,Baldwin,Nvidia,215 Midway Field,Chelsea,PA,48341,338,171,1988-08-27,Insured-Unsubsidized,Drema Chase,Southwest Airlines,1257 Estero Trace,(412) 540-5545,general2056@duck.com,PA10WRZ0774,223(a)(7) Refi of 223f Nursing/ ICF,40,2039-07-18,227,498,190,113,31,6,OHP,689311,32,Family & Elderly,Family,POINT (4500285.0203866735 -15628671.144659111),POINT (4500285.0203866735 -15628671.144659111)
800383423,40.53218422192028,-80.21085210565236,R,Allegheny,42003,14,42036249571,800718162,East McKeesport,601 San Juan Station,1104 Pomona Walk,Paducah,PA,33017,91,28,2004-04-07,Insured-Subsidized,Raul Parker,Strategic Profit,974 Cecilia Park,(412) 392-5654,benz1843@outlook.com,PA01OLL8901,223(a)(7) Refi of 223f Nursing/ ICF,65,2020-04-21,158,259,236,175,52,6,Baltimore,538993,27,Elderly,None,POINT (4512022.108323324 -15675311.455409823),POINT (4512022.108323324 -15675311.455409823)
800357352,40.55492397356774,-80.1698249559809,R,Allegheny,42003,18,42005400913,800329726,Reserve,471 Girard Junction,540 Arellano Pass,Alsip,PA,57923,306,115,1976-06-21,Insured-Subsidized,Delorse Barber,Omni Architectural Designs,1162 Bay Shore Trace,(412) 466-7443,favor1851@yandex.com,PA16YHD3107,202/8 SR,174,2032-01-07,126,331,74,99,99,2,Baltimore,549464,80,Family & Elderly,Elderly,POINT (4514553.485897483 -15648505.231921284),POINT (4514553.485897483 -15648505.231921284)
800485403,40.59836647565829,-79.87331755749982,R,Allegheny,42003,13,42042442238,800531641,Clairton,Romp,1315 Marvel Landing,Edgewater,PA,92411,191,61,2005-07-18,Insured-Unsubsidized,Margene Frazier,Jones Soda Co.,996 Dearborn Annex,(412) 806-2372,elvis1950@yandex.com,PA30TUL2229,202/8 NC,21,2021-05-26,164,265,36,131,45,8,Pittsburgh,673731,74,Indv. families - not eld/ handicap	,None,POINT (4519389.483108989 -15458004.506897671),POINT (4519389.483108989 -15458004.506897671)
800889975,40.403680651256735,-79.90251164484431,R,Allegheny,42003,12,42025350581,800561886,Robinson,901 Warren Bridge,1237 Powell Route,Kennewick,PA,61171,59,168,2006-09-01,Insured-Unsubsidized,Robbie Cook,Dominion Resources,1090 Robblee Circle,(412) 391-8790,drinking1984@outlook.com,PA48ESC1747,202/8 NC,86,2023-12-24,93,373,235,124,92,6,Baltimore,625033,86,Family & Elderly,Family,POINT (4497717.156271939 -15476514.457605345),POINT (4497717.156271939 -15476514.457605345)
800873882,40.464971142113306,-80.17293631005752,R,Allegheny,42003,18,42089908083,800673958,Castle Shannon,85 Valdez Row,654 Lincoln Stravenue,Manitowoc,PA,26614,341,64,1969-12-23,Insured-Subsidized,Kera Hensley,Quickbiz,868 Alviso Turnpike,(412) 759-4634,speed2053@example.org,PA32LWI8373,202/8 SR,109,2032-05-09,116,92,101,165,57,2,Pittsburgh,671812,49,Assisted Living Care,Family,POINT (4504539.9825045625 -15650534.235569166),POINT (4504539.9825045625 -15650534.235569166)
800586996,40.441554784978194,-80.16401978101271,R,Allegheny,42003,15,42048217401,800966047,Rosslyn Farms,919 Malvina Hill,1387 Exposition Square,South Salt Lake,PA,93531,297,34,1993-09-07,Insured-Subsidized,Alejandro Brock,Exact Solutions,902 Macondray Trace,(412) 089-9631,screw1861@outlook.com,PA57HJM8768,223(a)(7) Refi of 223f ALF,63,2032-10-18,126,128,39,81,68,9,OHP,553193,72,Elderly,None,POINT (4501933.285552049 -15644721.209521655),POINT (4501933.285552049 -15644721.209521655)
800777407,40.46938886307736,-80.29116076863933,R,Allegheny,42003,15,42049730568,800524760,Upper St Clair,1249 Burrows Glen,1288 Cayuga Road,Opelika,PA,78163,200,175,1984-07-30,Insured-Unsubsidized,Dwight Duffy,Terra,96 Naylor Bayou,(412) 976-2452,docs1976@live.com,PA33BGY5914,202/8 NC,96,2030-02-01,150,401,238,59,11,5,Pittsburgh,687346,63,Indv. families - not eld/ handicap	,Family,POINT (4505031.760952748 -15728106.908438804),POINT (4505031.760952748 -15728106.908438804)
800257569,40.28417500282444,-79.89028043467415,R,Allegheny,42003,15,42053147115,800860361,Findlay,American Greetings,612 West Halleck Point,Alameda,PA,95846,317,94,1994-03-16,Insured-Unsubsidized,Herbert Watkins,AT&T,907 Leidesdorff Plaza,(412) 633-4109,temporary1929@live.com,PA10DAX3846,202/8 SR,34,2042-11-13,158,199,16,74,17,5,Baltimore,593317,28,Assisted Living Care,Elderly,POINT (4484413.848341537 -15468753.05581489),POINT (4484413.848341537 -15468753.05581489)
800525053,40.60599326111766,-79.88482583625188,R,Allegheny,42003,16,42003829107,800880789,Aspinwall,1043 Lois Creek,381 Fallon Gardens,Crown Point,PA,27858,64,31,2010-10-19,Insured-Subsidized,Leeanna Goodman,Infinite Wealth,1039 Nahua Plaza,(412) 636-0791,without2048@duck.com,PA21GYY7345,223(a)(7) Refi of 223f Nursing/ ICF,122,2040-02-10,231,134,76,120,21,1,Baltimore,603198,36,Family & Elderly,None,POINT (4520238.492982716 -15465294.797023663),POINT (4520238.492982716 -15465294.797023663)
800786679,40.226578634845744,-79.95187360592124,R,Allegheny,42003,16,42095903255,800514813,Brackenridge,31 Montcalm Manor,618 Paramount Viaduct,Edgewater,PA,46241,14,87,1997-02-11,Insured-Subsidized,Lesley Best,Idea Infinity,602 Pena Pine,(412) 667-0731,attach1872@gmail.com,PA27EYZ6076,223(a)(7) Refi of 223f Nursing/ ICF,143,2041-08-04,146,254,234,86,5,6,OHP,678010,48,Assisted Living Care,Family,POINT (4478002.249986607 -15507932.275033398),POINT (4478002.249986607 -15507932.275033398)
800642287,40.48328673764202,-79.95126811120623,R,Allegheny,42003,18,42047374544,800087624,Stowe,Ground Round,264 Las Villas Plaza,Ardmore,PA,20291,169,4,2003-10-09,Insured-Unsubsidized,Vivan Stevens,Publix,1157 Incinerator Arcade,(412) 690-3128,downloading1904@yandex.com,PA57YJO6969,223(a)(7) Refi of 223f Nursing/ ICF,151,2037-01-11,140,494,135,7,14,3,Pittsburgh,685813,91,Assisted Living Care,None,POINT (4506578.865272394 -15507545.966220891),POINT (4506578.865272394 -15507545.966220891)
800972746,40.46984390424726,-79.79155789745336,R,Allegheny,42003,14,42082636686,800381563,East McKeesport,The Spotted Cougar,1063 Cunningham Lake,Marquette,PA,92259,96,51,2015-01-12,Insured-Unsubsidized,Norbert Shepard,Ideal Garden Maintenance,507 Randolph Shore,(412) 211-8423,transform1928@yahoo.com,PA25ULV8174,223(a)(7) Refi of 223f Nursing/ ICF,24,2043-10-20,172,129,231,155,76,8,Baltimore,590729,55,Family & Elderly,Family,POINT (4505082.415904072 -15406446.014480753),POINT (4505082.415904072 -15406446.014480753)
800974278,40.47468331746318,-80.36346114853593,R,Allegheny,42003,18,42028050773,800534939,Edgeworth,221 Flournoy Drive,422 Wawona Estate,Manitowoc,PA,68943,57,159,2010-10-18,Insured-Subsidized,Patrick Miranda,Federal Home Loan Mortgage Corporation,137 Crystal Bridge,(412) 208-7633,wrote1822@yandex.com,PA39GJD0103,202/8 SR,78,2034-04-29,194,475,209,167,77,8,Baltimore,546825,79,Elderly,Family,POINT (4505621.136919006 -15776008.957558548),POINT (4505621.136919006 -15776008.957558548)
800051788,40.53294662037071,-79.84412846266342,R,Allegheny,42003,17,42046824298,800462863,Plum,Destiny Realty Solutions,392 Lindsay Trail,East Lansing,PA,08486,126,166,1990-06-18,Insured-Unsubsidized,Barry Fernandez,"DivX, Inc.",190 Middlefield Parkway,(412) 316-1167,programming2091@example.com,PA84XWU1354,202/8 SR,148,2027-07-09,202,357,190,2,4,7,OHP,544919,74,Elderly,Family,POINT (4512106.978130606 -15439550.438243978),POINT (4512106.978130606 -15439550.438243978)
800922592,40.59486769875077,-79.80399590508475,R,Allegheny,42003,14,42014432573,800546903,Dravosburg,ONEOK,704 Alana Estate,Baltimore,PA,46007,336,134,1981-10-23,Insured-Unsubsidized,Elroy Valentine,Monk House Maker,316 Fisher Street,(412) 337-0728,cpu1875@yahoo.com,PA05BSZ5504,223(a)(7) Refi of 223f ALF,38,2043-04-06,1,363,184,13,84,10,Baltimore,513791,46,Elderly,Family,POINT (4519000.001045245 -15414263.14390172),POINT (4519000.001045245 -15414263.14390172)
800952151,40.34166629580149,-80.02898662531183,R,Allegheny,42003,13,42015459100,800235227,Harmar,Silicon Graphics,750 Rosemary Mews,Henderson,PA,14114,139,154,2020-04-29,Insured-Unsubsidized,Alphonso Quinn,"DivX, Inc.",15 Fair Pine,(412) 690-5402,polar1920@example.org,PA58SYN3430,202/8 SR,124,2041-06-16,68,164,57,3,0,10,Pittsburgh,543216,89,Indv. families - not eld/ handicap	,None,POINT (4490813.749800788 -15557320.070554072),POINT (4490813.749800788 -15557320.070554072)
800865245,40.45672780725398,-79.83287399258482,R,Allegheny,42003,18,42022972499,800565383,Edgeworth,American Greetings,991 Miller Ranch,West Mifflin,PA,85409,78,22,1986-02-10,Insured-Subsidized,Mozell Faulkner,Boston Acoustics,239 Desmond Turnpike,(412) 099-4448,patterns1829@gmail.com,PA49JWR8940,202/8 SR,88,2040-11-27,116,234,202,103,43,3,OHP,656734,45,Family & Elderly,None,POINT (4503622.338665584 -15432449.099194007),POINT (4503622.338665584 -15432449.099194007)
800362639,40.40418378545037,-80.26698120022063,R,Allegheny,42003,13,42050087941,800889219,McKees Rocks,Excella,1367 Garces Expressway,Vero Beach,PA,08748,212,105,2003-03-08,Insured-Unsubsidized,Merissa Dickson,Maxi-Tech,446 Cornwall Pass,(412) 179-7676,bangladesh1938@protonmail.com,PA89THQ7276,223(a)(7) Refi of 223f Nursing/ ICF,198,2031-04-07,87,275,218,41,69,10,Pittsburgh,653151,33,Assisted Living Care,Family,POINT (4497773.164914176 -15712165.73123708),POINT (4497773.164914176 -15712165.73123708)
800763828,40.322848747553095,-79.83504086584735,R,Allegheny,42003,15,42037107848,800847254,Ohara,The White Swan,757 Miles Path,Claremont,PA,17063,285,47,1984-04-19,Insured-Unsubsidized,Fletcher Brady,Dream Home Real Estate Service,643 Cohen Row,(412) 666-0162,circus2082@yandex.com,PA77MRA3023,202/8 SR,15,2034-05-22,201,189,139,68,58,6,OHP,660259,72,Family & Elderly,Elderly,POINT (4488718.989911799 -15433815.74682077),POINT (4488718.989911799 -15433815.74682077)
800056523,40.56475978574085,-79.94390971056941,R,Allegheny,42003,13,42069298292,800153183,Hampton,Avon Products,511 Clifford Crescent,Tampa,PA,38423,307,62,2013-08-31,Insured-Subsidized,Paulita Vance,The White Rabbit,1281 Alemany Gardens,(412) 557-8448,religions1824@example.org,PA24FSK6771,223(a)(7) Refi of 223f ALF,50,2037-12-15,199,47,218,17,48,9,OHP,692404,56,Family & Elderly,Family,POINT (4515648.403500132 -15502853.108257677),POINT (4515648.403500132 -15502853.108257677)
800605907,40.383179851583094,-79.83896940669746,R,Allegheny,42003,13,42039956793,800006574,Stowe,779 Kenneth Rexroth Pass,86 Mission Rock Park,Fitchburg,PA,31932,322,130,2014-09-22,Insured-Unsubsidized,Palmira Stevens,Mattel,127 Charles Gardens,(412) 096-9298,marc1956@example.com,PA04AUG1873,223(a)(7) Refi of 223f ALF,176,2031-03-17,84,114,80,54,76,6,Baltimore,571112,75,Indv. families - not eld/ handicap	,Family,POINT (4495435.017691416 -15436294.21396965),POINT (4495435.017691416 -15436294.21396965)
800585131,40.535065280894045,-80.16063377111524,R,Allegheny,42003,17,42050948703,800907498,Ingram,130 Ellington Stravenue,1218 Bernice Rodgers Drive,Bellaire,PA,34293,15,29,1982-09-04,Insured-Subsidized,Josiah Hester,Viacom,206 Dove Mall,(412) 497-6162,congo2093@example.org,PA08FEV8418,223(a)(7) Refi of 223f ALF,76,2026-02-23,209,191,193,9,13,6,Baltimore,523235,85,Family & Elderly,None,POINT (4512342.826341228 -15642515.107096601),POINT (4512342.826341228 -15642515.107096601)
800454493,40.5346056739121,-79.81541872193125,R,Allegheny,42003,18,42044267459,800702111,Pitcairn,915 Ignacio Boulevard,352 Peters Grove,New Hope,PA,88351,19,173,1968-02-26,Insured-Subsidized,Fredrick Mcgee,Fireball,100 Scotland Bend,(412) 760-7184,contracting1916@duck.com,PA33FJF7042,223(a)(7) Refi of 223f Nursing/ ICF,44,2027-11-02,10,374,202,103,12,9,OHP,607874,71,Elderly,Family,POINT (4512291.663126032 -15421450.5547531),POINT (4512291.663126032 -15421450.5547531)
800879475,40.37009856433723,-80.13429745526538,R,Allegheny,42003,14,42066896901,800109435,Ingram,455 Shawnee Pike,222 King Landing,Hudson,PA,19915,113,80,1971-03-20,Insured-Unsubsidized,Kristofer Fernandez,Citrix,285 East Crystal Cove Terrace,(412) 181-1293,legs1931@duck.com,PA75FJQ2890,223(a)(7) Refi of 223f Nursing/ ICF,43,2039-09-30,50,446,118,102,4,4,OHP,568426,70,Assisted Living Care,None,POINT (4493978.815456285 -15625381.704424674),POINT (4493978.815456285 -15625381.704424674)
800389147,40.354057055492035,-79.9152347738962,R,Allegheny,42003,16,42056460685,800028130,Elizabeth,United Technologies,432 Erkson Freeway,Mustang,PA,33988,238,45,1970-01-09,Insured-Subsidized,Bennie Joseph,Magna Architectural Design,917 Leo Shore,(412) 383-5767,hose1908@example.com,PA16LOV1701,202/8 SR,30,2029-08-28,9,155,41,115,96,4,OHP,571687,28,Indv. families - not eld/ handicap	,None,POINT (4492193.082860082 -15484597.88903697),POINT (4492193.082860082 -15484597.88903697)
800054305,40.331911650722446,-79.99119949642807,R,Allegheny,42003,17,42074717463,800172812,Springdale,1069 Edgehill Extension,925 Santos Motorway,Memphis,PA,69967,260,56,1997-04-16,Insured-Subsidized,Elmo Dalton,Ubu Productions,868 Boyd Bend,(412) 391-4421,minds1818@protonmail.com,PA83ZNA2718,202/8 NC,133,2040-03-30,218,370,235,152,28,7,OHP,689864,64,Family & Elderly,None,POINT (4489727.86767772 -15533071.871362347),POINT (4489727.86767772 -15533071.871362347)
800029684,40.408152785534114,-80.10125853285972,R,Allegheny,42003,14,42000515215,800714907,Bridgeville,1283 Nobles Arcade,630 Hickory Run,Roanoke,PA,76365,294,197,1968-07-05,Insured-Unsubsidized,Ara Knox,AT&T,945 Springfield Row,(412) 126-0991,mix1959@protonmail.com,PA76ZMA2407,223(a)(7) Refi of 223f ALF,29,2043-06-24,176,272,96,138,84,7,OHP,662061,45,Family & Elderly,Family,POINT (4498214.991982456 -15603951.766366638),POINT (4498214.991982456 -15603951.766366638)
800870078,40.50188125234676,-80.27645584448045,R,Allegheny,42003,16,42048624598,800214293,Marshall,Afforda Merchant Services,286 Fell Access Crossing,Naperville,PA,79818,45,167,1968-05-12,Insured-Subsidized,Aleisha Juarez,GHD Inc.,197 Las Villas Landing,(412) 697-7433,jones1852@yandex.com,PA39HYE2480,223(a)(7) Refi of 223f ALF,123,2033-01-18,87,260,31,129,18,8,Pittsburgh,560873,77,Family & Elderly,Family,POINT (4508648.797180874 -15718407.524375679),POINT (4508648.797180874 -15718407.524375679)
800007245,40.34101139118071,-79.79621480001778,R,Allegheny,42003,15,42046816313,800050712,Elizabeth,955 Dearborn Row,457 Converse Ferry,Belvidere,PA,02169,192,49,1980-10-20,Insured-Unsubsidized,Jed Carson,Koch Industries,452 Dwight Row,(412) 520-1388,bonds1994@protonmail.com,PA79CIQ6654,202/8 NC,92,2026-06-05,221,449,249,127,54,7,Baltimore,666618,32,Family & Elderly,Elderly,POINT (4490740.846151885 -15409371.714261567),POINT (4490740.846151885 -15409371.714261567)
800159115,40.62043466186726,-79.75699409595231,R,Allegheny,42003,15,42048726542,800563600,North Versailles,27 Ashbury Circle,198 Birch Circle,Paragould,PA,41361,216,177,2012-03-02,Insured-Subsidized,Jutta Finch,CKE Restaurants,848 Claremont Route,(412) 129-8452,gerald1951@example.org,PA76KKK9736,223(a)(7) Refi of 223f Nursing/ ICF,38,2027-12-12,157,289,88,175,25,6,Baltimore,608197,42,Assisted Living Care,None,POINT (4521846.102360503 -15384772.482017944),POINT (4521846.102360503 -15384772.482017944)
800513014,40.67169326307843,-80.046933242871,R,Allegheny,42003,17,42083082714,800263277,Robinson,Brookdale Senior Living,697 Sabin Lane,Edmonds,PA,67684,130,180,2002-07-05,Insured-Subsidized,Titus Mcfadden,Aetna,933 Waterville Bypass,(412) 780-6558,activated2032@yahoo.com,PA68MBK9976,202/8 SR,81,2036-01-23,100,113,197,89,4,2,OHP,552135,66,Elderly,Elderly,POINT (4527552.183746106 -15568868.387119034),POINT (4527552.183746106 -15568868.387119034)
800479032,40.45649689927706,-80.27719546772327,R,Allegheny,42003,18,42009556560,800127469,South Versailles,580 Winter Bypass,639 Prague Ranch,Anchorage,PA,53094,339,81,1990-05-27,Insured-Subsidized,Ayanna Frederick,Prahject Planner,1045 Tompkins Point,(412) 151-8052,brick2050@yandex.com,PA85ENG2749,202/8 SR,2,2025-06-05,65,33,27,9,89,5,Baltimore,598835,39,Family & Elderly,Elderly,POINT (4503596.634107173 -15718895.033597875),POINT (4503596.634107173 -15718895.033597875)
800029932,40.56788604286161,-80.18503614719182,R,Allegheny,42003,14,42052048149,800762655,Robinson,J. C. Penny,1150 Taraval Row,Green Bay,PA,78720,96,197,2007-03-01,Insured-Unsubsidized,Virgil Whitley,Baxter International,534 Vesta Pass,(412) 085-2928,albany2014@example.com,PA30AHG0790,202/8 SR,177,2032-09-13,100,440,7,107,17,2,Baltimore,580121,80,Elderly,None,POINT (4515996.416850904 -15658430.939603768),POINT (4515996.416850904 -15658430.939603768)
800996561,40.55539285140317,-79.97586681536318,R,Allegheny,42003,12,42056560363,800078810,Ben Avon Heights,Aspyr Media,91 Webster Road,Port St. Lucie,PA,41457,35,20,1980-04-02,Insured-Unsubsidized,Jeanice Mcclure,Terra,1125 Northern Expressway,(412) 866-3840,latvia1862@duck.com,PA31BOI6466,223(a)(7) Refi of 223f Nursing/ ICF,68,2027-11-16,211,159,172,121,23,1,OHP,527458,80,Family & Elderly,None,POINT (4514605.681139369 -15523258.643302122),POINT (4514605.681139369 -15523258.643302122)
800582468,40.67466451580218,-79.94023327684587,R,Allegheny,42003,12,42095358536,800362522,Brackenridge,921 Rainey Extension,296 Mono Field,Dolton,PA,77710,138,112,1975-09-03,Insured-Subsidized,Francis Meyers,Quality Merchant Services,163 Hare Row,(412) 037-2869,bags1826@example.org,PA19JHM0756,202/8 SR,151,2032-06-10,1,115,236,15,39,10,Pittsburgh,531573,89,Indv. families - not eld/ handicap	,Family,POINT (4527882.942086332 -15500509.716734828),POINT (4527882.942086332 -15500509.716734828)
800249092,40.56413506243455,-80.08701632721898,R,Allegheny,42003,14,42013064171,800334056,Rosslyn Farms,1280 Gilbert Avenue,972 Sharon Hills,Madison,PA,74278,145,144,2011-04-28,Insured-Subsidized,Arica Thomas,Bellwether Technology Corporation,798 Malta Lane,(412) 494-7497,climb1853@outlook.com,PA72BTE1270,202/8 NC,89,2032-12-19,203,217,184,94,18,3,Pittsburgh,645807,64,Indv. families - not eld/ handicap	,Family,POINT (4515578.859619789 -15594735.720899746),POINT (4515578.859619789 -15594735.720899746)
800898056,40.25016357178028,-79.85592903448125,R,Allegheny,42003,13,42046476520,800885643,Wilmerding,999 Montcalm Road,442 Pasadena Lodge,Mercer Island,PA,19558,345,83,1977-01-04,Insured-Subsidized,Octavio Suarez,Plan Future,1349 Merrimac Bend,(412) 863-1164,patio2081@example.org,PA35WNZ0517,202/8 NC,11,2043-09-16,177,164,225,48,19,0,Pittsburgh,599436,91,Indv. families - not eld/ handicap	,Family,POINT (4480627.71315655 -15447004.72400944),POINT (4480627.71315655 -15447004.72400944)
800844561,40.4282832470396,-80.00465540472591,R,Allegheny,42003,14,42050646285,800814731,Reserve,Shure Incorporated,607 Dorcas Park,Phoenix,PA,09396,337,181,1991-08-21,Insured-Subsidized,Shirley Brady,Locost Accessories,1052 Islais Mall,(412) 777-0852,payments1854@example.com,PA75WHE2366,202/8 NC,93,2027-05-03,121,297,231,146,87,8,Pittsburgh,637588,99,Indv. families - not eld/ handicap	,None,POINT (4500455.904706681 -15541696.19370906),POINT (4500455.904706681 -15541696.19370906)
800016340,40.42675931451753,-80.22440811424266,R,Allegheny,42003,17,42060190242,800715181,Versailles,1339 Kelloch Square,1178 Newcomb Field,Terre Haute,PA,81276,107,198,2020-06-18,Insured-Unsubsidized,Jennine Reynolds,Safeco Corporation,828 Marvel Spur,(412) 301-4657,hook1852@example.com,PA75PSN8231,223(a)(7) Refi of 223f ALF,164,2031-02-10,44,470,50,93,6,7,OHP,521508,45,Indv. families - not eld/ handicap	,Elderly,POINT (4500286.261314321 -15684193.106131237),POINT (4500286.261314321 -15684193.106131237)
800453720,40.43283924468776,-80.1804650327722,R,Allegheny,42003,15,42092863233,800828378,Green Tree,794 Banks Grove,782 Telegraph Hill Ranch,Cicero,PA,77908,232,70,1993-02-20,Insured-Subsidized,Lonnie Andrews,Dereon,533 Montcalm Park,(412) 785-3498,marilyn1952@example.org,PA63FZN3307,223(a)(7) Refi of 223f ALF,120,2020-09-20,40,174,83,20,66,6,Baltimore,534535,31,Assisted Living Care,Elderly,POINT (4500963.07604493 -15655446.565628259),POINT (4500963.07604493 -15655446.565628259)
800187562,40.652294808039336,-80.04523484800956,R,Allegheny,42003,17,42093669901,800885229,Port Vue,Human Kinetics,1387 Chula Crossing,Brigham City,PA,42462,114,56,2007-06-14,Insured-Subsidized,Woodrow Bond,Devon Energy,901 Stillman Path,(412) 488-1005,antique1975@example.org,PA57AQB1356,223(a)(7) Refi of 223f Nursing/ ICF,194,2043-06-08,206,102,132,111,35,9,OHP,671520,31,Indv. families - not eld/ handicap	,None,POINT (4525392.757608978 -15567774.618740655),POINT (4525392.757608978 -15567774.618740655)
800194214,40.48822433511765,-80.13537754088956,R,Allegheny,42003,13,42026907293,800504036,Crescent,McConn & Company,157 Powhattan Pike,Norwood,PA,59766,282,50,1984-08-03,Insured-Subsidized,Terina Juarez,Honeywell,591 Baldwin Creek,(412) 166-6153,tokyo1912@duck.com,PA01KKQ7660,202/8 SR,71,2036-06-06,244,236,39,38,32,9,Baltimore,535044,56,Family & Elderly,None,POINT (4507128.516109124 -15626083.475954669),POINT (4507128.516109124 -15626083.475954669)
800741161,40.440851019316945,-80.14891012746004,R,Allegheny,42003,15,42069698947,800680448,West View,1242 Pollock Run,1177 Homestead Glen,Huntington Beach,PA,40546,16,83,1987-08-07,Insured-Subsidized,Earle Graves,AK Steel Holding,488 Athens Walk,(412) 856-8120,weekend2042@protonmail.com,PA69EGD7183,223(a)(7) Refi of 223f ALF,149,2021-05-29,245,177,99,145,61,7,OHP,628187,55,Assisted Living Care,Elderly,POINT (4501854.942717001 -15634882.551044742),POINT (4501854.942717001 -15634882.551044742)
800205821,40.50473904726304,-80.04091249516264,R,Allegheny,42003,14,42019616934,800802338,Bellevue,Webcom Business Services,73 Octavia Estate,Johns Creek,PA,35584,295,34,2010-08-20,Insured-Unsubsidized,Myrta Perez,Ejecta,367 Kearny Path,(412) 050-3237,consent2022@example.com,PA43SIK3998,223(a)(7) Refi of 223f Nursing/ ICF,85,2020-05-14,147,6,199,67,45,0,Baltimore,579614,83,Indv. families - not eld/ handicap	,Family,POINT (4508966.925455746 -15564991.851265205),POINT (4508966.925455746 -15564991.851265205)
800257918,40.470164133209146,-80.26953811774851,R,Allegheny,42003,13,42025792049,800437711,White Oak,Vitamax Health Food Center,1307 Holladay Manor,State College,PA,14361,284,49,1968-01-06,Insured-Subsidized,Michal Cote,Modern Architecture Design,941 Corbin Lodge,(412) 276-1077,reference1950@protonmail.com,PA48JZF3765,202/8 SR,34,2020-07-14,203,265,114,21,72,5,OHP,691958,77,Elderly,Family,POINT (4505118.063629045 -15713849.607789809),POINT (4505118.063629045 -15713849.607789809)
800460382,40.346863956322125,-80.12723998017114,R,Allegheny,42003,15,42095571628,800824939,Turtle Creek,ION Media Networks,1154 Upper Service Pass,Corcoran,PA,17357,263,86,2019-11-23,Insured-Subsidized,Apryl Castro,Custom Lawn Care,660 Capitol Run,(412) 243-6166,bizarre1865@yandex.com,PA36WCW8114,202/8 SR,49,2027-04-29,213,107,162,129,40,0,OHP,669042,31,Elderly,Family,POINT (4491392.350723262 -15620798.073691668),POINT (4491392.350723262 -15620798.073691668)
800749290,40.51166246145721,-80.15923143860695,R,Allegheny,42003,13,42034715916,800054344,Sewickley Hills,519 Homewood Lake,526 Milton Gardens,North Miami Beach,PA,28541,212,175,2010-02-23,Insured-Subsidized,Jeff Ortiz,AOL,611 Keystone Crescent,(412) 711-0623,reasonable1970@yandex.com,PA25KFU9288,202/8 NC,73,2043-07-18,12,466,54,170,31,10,Baltimore,588044,33,Indv. families - not eld/ handicap	,Family,POINT (4509737.636398393 -15641601.659142349),POINT (4509737.636398393 -15641601.659142349)
