property_id,county_fips_code,county,congressional_district_code,municipality_name,hud_property_name,property_street_address,city,state,zip_code,units,property_category_name,owner_organization_name,owner_address,owner_phone,owner_type,owner_effective_date,owner_id,property_manager_name,property_manager_company,property_manager_address,property_manager_phone,property_manager_email,property_manager_type,servicing_site_name
800977458,42003,Allegheny,17,Crescent,Control Data Corporation,1397 Southern Heights Station,El Mirage,PA,10314,126,Insured-Subsidized,Housing Authority of North Fayette,"1112 Mississippi Green, University City, MO 57600",(412) 881-3091,Limited Dividend,1999-10-09,333721,Spencer Terrell,World Financial Group,1337 Lucky Point,(412) 273-7951,scientist1882@example.com,Non-Profit,Baltimore
800545439,42003,Allegheny,15,Marshall,391 Dorman Turnpike,840 Seward Expressway,Bismarck,PA,18978,397,Insured-Unsubsidized,Housing Authority of Sewickley Heights,"3 Paloma Row, Van Buren, RI 72049",(412) 241-3796,Limited Dividend,1971-01-14,255692,Jamaal Hutchinson,Royal Gas,629 Mclaren Green,(412) 145-2488,objective2099@live.com,Limited Dividend,Pittsburgh
800518742,42003,Allegheny,17,Springdale,1259 Stillings Junction,1199 Jones Annex,Moreno Valley,PA,94508,298,Insured-Subsidized,Housing Authority of Haysville,"990 Saddleback Trail, Goshen, MO 49282",(412) 428-8874,Non-Profit,1968-08-13,56754,Jame Hurley,JN-International Medical Corporation,908 Presidio Cove,(412) 033-4521,karl1905@yahoo.com,Non-Profit,Pittsburgh
800539509,42003,Allegheny,14,Clairton,Starz,820 Kinzey Estate,Phoenix,PA,37830,252,Insured-Unsubsidized,Housing Authority of Indiana,"1293 Perry Park, Edmonds, VT 47219",(412) 048-6876,Non-Profit,2004-12-12,188941,Cyrstal Casey,US Cellular,246 Mckinley Mews,(412) 026-5392,bestsellers2087@yandex.com,Limited Dividend,Pittsburgh
800391824,42003,Allegheny,14,Robinson,1198 Benton Lane,861 Wallace Turnpike,Hastings,PA,17864,436,Insured-Subsidized,Housing Authority of Mount Oliver,"989 Montezuma Spur, Cudahy, NH 91808",(412) 038-8501,Limited Dividend,1972-02-17,262679,Josiah Gallegos,Brilliant Home Designs,888 Palou Path,(412) 427-9166,recognition2065@yandex.com,Non-Profit,Baltimore
800286956,42003,Allegheny,14,Aleppo,1191 Pemberton Park,1026 Edna Boulevard,West Haven,PA,70406,380,Insured-Unsubsidized,Housing Authority of Pennsbury Village,"643 Toland Garden, St. Marys, AZ 67918",(412) 866-7869,Non-Profit,2007-06-21,94213,Avery Mckenzie,Marathon Oil,743 Spring Pine,(412) 458-3956,covered2064@duck.com,Limited Dividend,Pittsburgh
800242607,42003,Allegheny,18,Churchill,Eli Lilly and Company,761 Hulbert Trail,Alameda,PA,53741,205,Insured-Unsubsidized,Housing Authority of South Park,"1197 Berkshire Lake, Wentzville, IN 83891",(412) 263-6098,Non-Profit,1964-11-24,355907,Carisa Hess,Bebo,243 Shawnee Grove,(412) 420-8758,began2078@example.com,Profit Motivated,OHP
800238046,42003,Allegheny,16,Jefferson Hills,Dereon,40 Marietta Crossing,Hattiesburg,PA,43504,387,Insured-Subsidized,Housing Authority of Avalon,"926 Gateview Motorway, Mesquite, IA 84908",(412) 703-5419,Profit Motivated,2012-12-27,243009,Marlen Day,Texas Instruments,1016 Jules Plaza,(412) 655-6718,disclose2073@example.org,Limited Dividend,OHP
800092126,42003,Allegheny,17,McCandless,Libera,392 Burke Rapids,Coralville,PA,21631,422,Insured-Unsubsidized,Housing Authority of West Homestead,"1170 Estero Green, Goldsboro, SD 97627",(412) 868-6465,Non-Profit,1975-04-01,36484,Ute Morgan,Magna Solution,51 Rickard Arcade,(412) 855-6228,facility2075@gmail.com,Limited Dividend,Pittsburgh
800107089,42003,Allegheny,16,Swissvale,1379 Halibut Landing,299 Verna Mews,Alexandria,PA,56658,467,Insured-Subsidized,Housing Authority of West Elizabeth,"981 East Fort Miley Circle, Deltona, OH 79135",(412) 280-4853,Limited Dividend,1980-10-29,15083,Jerrod Vance,Omni Tech Solutions,1388 Capra Terrace,(412) 180-0510,kitty1836@yahoo.com,Profit Motivated,Pittsburgh
800043442,42003,Allegheny,18,Wilkinsburg,977 Belmont Bayou,1383 West Halleck Field,Livonia,PA,11227,420,Insured-Unsubsidized,Housing Authority of Marshall,"1159 Jerrold Point, Meriden, MN 96917",(412) 906-8547,Non-Profit,1986-01-14,143869,Samuel Bryant,PG&E,858 Jones Junction,(412) 098-4719,delayed2060@duck.com,Limited Dividend,Baltimore
800767590,42003,Allegheny,18,Clairton,Jack in the Box,136 Danton Annex,Novato,PA,07072,363,Insured-Subsidized,Housing Authority of Collier,"1311 Quarry Point, Athens, CO 40293",(412) 725-2193,Non-Profit,1989-03-06,22538,Isadora Buckley,Northwest Airlines,1011 Ocean Bypass,(412) 676-4595,dear1886@yahoo.com,Limited Dividend,Pittsburgh
800783227,42003,Allegheny,17,Marshall,Parallel Px,15 Sansome Glen,Petaluma,PA,61129,155,Insured-Unsubsidized,Housing Authority of Aleppo,"1131 Radio Junction, El Centro, ME 76700",(412) 893-7570,Profit Motivated,1965-07-22,359881,Celestina Noble,Protean,731 Winthrop Mall,(412) 520-9257,trying1815@example.com,Limited Dividend,Pittsburgh
800309560,42003,Allegheny,12,Munhall,Avis Budget Group,1357 Ignacio Bend,Eureka,PA,97254,392,Insured-Unsubsidized,Housing Authority of West View,"913 Burns Square, Parma, OK 02455",(412) 627-3502,Profit Motivated,1979-09-05,1514,Louie Valencia,QVC,840 Balance Route,(412) 376-6666,jennifer1807@yahoo.com,Non-Profit,Baltimore
800339294,42003,Allegheny,18,Braddock Hills,309 Nido Canyon,268 Belcher Pine,Butte-Silver Bow,PA,15435,189,Insured-Unsubsidized,Housing Authority of Duquesne,"579 Enterprise Stravenue, Lee's Summit, MT 44304",(412) 392-9075,Non-Profit,1967-01-04,335443,Elton Simpson,Perisolution,66 Wabash Pike,(412) 549-1357,blame1816@gmail.com,Non-Profit,OHP
800709538,42003,Allegheny,15,Turtle Creek,Red River Broadcasting,1138 Allison Ranch,Clarksdale,PA,40984,437,Insured-Subsidized,Housing Authority of ,"195 Hooker Crescent, Seminole, CO 35851",(412) 256-9027,Profit Motivated,1981-09-24,183406,Kayce Suarez,AECOM,1390 Saddleback Bayou,(412) 546-8138,adelaide1984@example.com,Non-Profit,OHP
800308883,42003,Allegheny,12,Richland,Matrix Interior Design,376 Nob Hill Ferry,Milford,PA,08963,492,Insured-Subsidized,Housing Authority of Wilkinsburg,"1291 Vara Row, Benicia, NM 26663",(412) 040-0009,Limited Dividend,1964-05-26,235149,Herschel Lawrence,AutoZone,1245 Harlan Terrace,(412) 279-7748,belong1879@example.com,Limited Dividend,Baltimore
800867419,42003,Allegheny,12,Harrison,Monk House Sales,1274 Belgrave Trail,Perrysburg,PA,05664,298,Insured-Subsidized,Housing Authority of Springdale,"1007 Colleen Annex, Allentown, MS 75230",(412) 818-2555,Non-Profit,1989-09-06,105082,Fidel Dotson,Friendly Interior Design,981 Belden Alley,(412) 790-2892,develops1816@protonmail.com,Limited Dividend,OHP
800215974,42003,Allegheny,13,Mount Oliver,160 Mission Rock Estate,442 Newhall Manor,Cocoa,PA,97219,398,Insured-Unsubsidized,Housing Authority of Glen Osborne,"1041 Gellert Junction, Ann Arbor, ME 43120",(412) 923-9666,Limited Dividend,2001-02-07,108469,Elayne Mcmahon,Envirotecture Design Service,58 Golden Gate Center,(412) 504-0969,occurred1830@protonmail.com,Profit Motivated,Baltimore
800696001,42003,Allegheny,14,Ben Avon,125 Card Garden,1246 Margrave Bridge,Hopkins,PA,31294,228,Insured-Unsubsidized,Housing Authority of North Fayette,"1009 Winding Lodge, Alameda, PA 83108",(412) 135-3578,Non-Profit,1977-12-03,282221,Geraldo Middleton,Arbitron,391 Wayland Pike,(412) 862-6755,asus2073@yahoo.com,Profit Motivated,Baltimore
800203545,42003,Allegheny,13,Emsworth,Interplay Entertainment,531 Hampshire Bridge,St. Petersburg,PA,21179,205,Insured-Subsidized,Housing Authority of Fawn,"1245 Palmetto Crescent, Laurel, SD 04018",(412) 009-5571,Non-Profit,2009-10-04,22977,Clemente Glass,Nutri G,219 Morrell Alley,(412) 660-6126,flat1969@yandex.com,Profit Motivated,Pittsburgh
800999679,42003,Allegheny,15,Kilbuck,915 Sunrise Creek,251 Sloat Canyon,Walnut Creek,PA,47038,470,Insured-Subsidized,Housing Authority of Glenfield,"881 Marine Center, Marysville, CA 35371",(412) 300-1239,Non-Profit,1974-10-18,181621,Mozella Orr,Principal Financial Group,599 Leroy Point,(412) 793-6056,cluster1970@gmail.com,Non-Profit,Pittsburgh
800372086,42003,Allegheny,17,Castle Shannon,Specific Appraisals,790 Nichols Mews,Bangor,PA,69671,338,Insured-Subsidized,Housing Authority of Bell Acres,"1100 Noe Circle, Palm Bay, SD 04133",(412) 252-2553,Limited Dividend,2012-04-05,82588,Vanda Glenn,Honest Air Group,719 Isadora Duncan Motorway,(412) 210-0114,courses1985@example.com,Limited Dividend,OHP
800233457,42003,Allegheny,16,Harmar,Pro Star Garden Management,490 Buchanan Junction,North Little Rock,PA,08176,289,Insured-Unsubsidized,Housing Authority of Springdale,"1370 Letterman Route, Miami Beach, UT 08000",(412) 762-0874,Non-Profit,1994-07-13,160453,Jani Camacho,Baker Hughes,718 Bartol Road,(412) 100-6246,ethiopia1888@example.org,Profit Motivated,Baltimore
800235059,42003,Allegheny,13,West Elizabeth,54 Barnard Park,1262 Junior Place,McAllen,PA,31925,160,Insured-Subsidized,Housing Authority of Millvale,"1378 Belcher Crossing, Brentwood, MI 00298",(412) 734-4575,Limited Dividend,1990-10-15,274042,Garland Wynn,Chem-Dry,267 Capen Parkway,(412) 242-6587,touch1920@outlook.com,Non-Profit,Pittsburgh
800075021,42003,Allegheny,16,West Elizabeth,Plochman's,1160 Java Field,Blue Springs,PA,32249,21,Insured-Subsidized,Housing Authority of North Versailles,"949 Patton Parkway, La Habra, AZ 47676",(412) 345-4034,Non-Profit,2003-05-15,412548,Columbus Molina,Testor Corporation,350 Garrison Hills,(412) 393-2660,indoor2094@gmail.com,Limited Dividend,Baltimore
800284039,42003,Allegheny,18,Etna,1285 Corbett Gardens,1113 Rhode Island Creek,Oakland,PA,82936,268,Insured-Unsubsidized,Housing Authority of Fawn,"674 Grove Pass, Milford, ND 40762",(412) 500-7909,Limited Dividend,2003-05-25,303891,Janella Hubbard,Pro-Care Garden Maintenance,685 Sonora Manor,(412) 363-7101,rob1876@outlook.com,Non-Profit,Pittsburgh
800907769,42003,Allegheny,15,Fox Chapel,422 Lobos Highway,146 Nueva Circle,Ocoee,PA,93180,25,Insured-Unsubsidized,Housing Authority of West Homestead,"1014 Alvord Street, Walker, ME 95757",(412) 091-4016,Non-Profit,1999-11-16,174836,Conrad Mckee,American Apparel,61 Vista View Mall,(412) 446-8567,star2087@yahoo.com,Limited Dividend,Pittsburgh
800064176,42003,Allegheny,17,Springdale,Intelacard,415 Genebern Expressway,Austin,PA,43191,369,Insured-Subsidized,Housing Authority of Heidelberg,"713 Roscoe Green, Nashville, UT 95351",(412) 433-4439,Profit Motivated,1976-03-22,415086,Marion Tate,Eden Lawn Service,1090 Bessie Highway,(412) 463-8390,specialties2004@example.org,Non-Profit,Baltimore
800412014,42003,Allegheny,15,Sewickley,1045 Pretor Field,268 Marengo Park,Roanoke,PA,64735,440,Insured-Unsubsidized,Housing Authority of Edgewood,"782 Acadia Terrace, Torrington, NV 81511",(412) 506-3274,Non-Profit,1990-06-23,295837,Ernesto Yates,ACCO Brands,809 Via Bufano Expressway,(412) 376-9851,freebsd1923@example.com,Limited Dividend,OHP
800049717,42003,Allegheny,16,Turtle Creek,Riverdeep,889 Vassar Bend,Livonia,PA,46445,161,Insured-Subsidized,Housing Authority of Springdale,"1032 Marston Annex, Imperial Beach, NV 13234",(412) 870-6908,Non-Profit,2014-06-03,392364,Albertine Campbell,Ecolab,471 Delancey Loop,(412) 755-3894,era2076@example.org,Profit Motivated,Baltimore
800039634,42003,Allegheny,13,Turtle Creek,729 Coral Pass,270 Danvers Highway,Oak Forest,PA,21783,163,Insured-Subsidized,Housing Authority of Avalon,"1162 Baltimore Lake, Bradenton, NC 84845",(412) 783-2153,Limited Dividend,2021-04-22,380462,Cyrus Rhodes,Visa Inc.,901 Megan Lodge,(412) 649-8073,monitor1962@live.com,Profit Motivated,Pittsburgh
800746310,42003,Allegheny,13,Oakdale,434 Dunnes Hills,68 Bertha Ferry,Escondido,PA,72612,315,Insured-Subsidized,Housing Authority of West View,"584 Stilwell Pass, Lompoc, CT 29968",(412) 116-3596,Limited Dividend,2013-09-14,327311,Lorenzo Lott,Oberweis Dairy,324 Coso Heights,(412) 326-2616,lens1936@example.com,Non-Profit,Pittsburgh
800664619,42003,Allegheny,14,Heidelberg,Intelli Wealth Group,1362 Lusk Junction,Slidell,PA,27157,462,Insured-Unsubsidized,Housing Authority of Tarentum,"927 Rose Junction, Palm Desert, MN 67285",(412) 469-2940,Profit Motivated,1998-11-06,170188,Angle Fitzpatrick,Full Color,369 Hoffman Freeway,(412) 677-5051,voyuer1963@yandex.com,Non-Profit,OHP
800605878,42003,Allegheny,15,Marshall,1220 Cameron Field,467 Sproule Manor,Fairview Heights,PA,59643,467,Insured-Unsubsidized,Housing Authority of Brentwood,"456 Avenue M Hill, Avon, NV 62431",(412) 941-6066,Non-Profit,1975-08-24,353883,Dione Mooney,W. R. Grace and Company,713 Garden Rapids,(412) 080-1095,mayor1955@example.org,Profit Motivated,Baltimore
800776177,42003,Allegheny,16,Ohara,1200 Legion Of Honor Trace,1387 Lyell Mews,Covina,PA,19928,10,Insured-Unsubsidized,Housing Authority of North Versailles,"295 Eaton Creek, Onalaska, MI 77527",(412) 973-3992,Non-Profit,2006-07-26,50569,Ronny Browning,Spanx,348 Emma Rapids,(412) 670-1798,produces1862@yandex.com,Profit Motivated,Pittsburgh
800227565,42003,Allegheny,17,White Oak,Regis Corporation,806 Dellbrook Arcade,San Jacinto,PA,85326,386,Insured-Subsidized,Housing Authority of East McKeesport,"152 Payson Street, Highland Village, SD 62858",(412) 046-6334,Limited Dividend,1968-09-02,71936,Zenia Sandoval,Envirotecture Design Service,7 Crossover Walk,(412) 371-5294,closes1823@yandex.com,Non-Profit,Pittsburgh
800613939,42003,Allegheny,15,Brentwood,JetBlue Airways,624 Dewitt Grove,Roanoke Rapids,PA,90941,76,Insured-Subsidized,Housing Authority of East Pittsburgh,"806 Green Station, Clarksdale, AK 77373",(412) 997-3903,Limited Dividend,2016-01-03,395731,Dania Allen,Biomet,1132 Lancaster Estate,(412) 692-4686,auctions1936@outlook.com,Limited Dividend,OHP
800031351,42003,Allegheny,15,Elizabeth,ASARCO,748 H Landing,Scranton,PA,10955,294,Insured-Unsubsidized,Housing Authority of East Deer,"277 Chumasero Estate, Rocky Mount, AR 65984",(412) 699-7355,Profit Motivated,2015-11-24,199255,Samuel Avery,Honeywell,279 Hamerton Extension,(412) 878-4282,discipline1831@example.com,Limited Dividend,Baltimore
800992877,42003,Allegheny,12,Braddock,410 Danvers Parkway,179 Grattan Trail,Ansonia,PA,11270,450,Insured-Subsidized,Housing Authority of Frazer,"977 Cesar Chavez On Annex, Pullman, GA 08477",(412) 697-3645,Limited Dividend,2019-11-10,50670,Elliott Cervantes,PACCAR,339 Macondray Court,(412) 980-2726,cause2034@duck.com,Limited Dividend,OHP
800580273,42003,Allegheny,12,Thornburg,44 Berry Ranch,144 Kenwood Path,Las Cruces,PA,51177,120,Insured-Unsubsidized,Housing Authority of Springdale,"556 Comerford Walk, Torrance, SD 88775",(412) 606-1810,Profit Motivated,1975-03-02,80668,Elroy Mccoy,Convergys Corp.,1280 Mahan Place,(412) 876-5865,oven1865@protonmail.com,Profit Motivated,Baltimore
800934905,42003,Allegheny,18,McKees Rocks,1091 Fremont Bayou,470 Breen Mall,Lynchburg,PA,70810,401,Insured-Unsubsidized,Housing Authority of Ohara,"435 Red Leaf Bypass, Citrus Heights, PA 93713",(412) 605-4822,Limited Dividend,2003-03-28,115475,Ismael Abbott,AECOM,218 Al Scoma Pine,(412) 382-6365,journalists2099@protonmail.com,Profit Motivated,OHP
800263629,42003,Allegheny,15,Reserve,1185 Old Harford Motorway,511 Clay Park,Lindenhurst,PA,82034,409,Insured-Unsubsidized,Housing Authority of Carnegie,"637 Briarcliff Station, Manassas, MN 23583",(412) 256-8401,Limited Dividend,2006-08-15,116797,Cammie Alvarado,Magnavox,259 Norfolk Park,(412) 602-6701,law1915@outlook.com,Non-Profit,OHP
800860041,42003,Allegheny,16,Sewickley,1192 Jack Micheline Mews,629 Congdon Crescent,Inkster,PA,82420,259,Insured-Subsidized,Housing Authority of Ohio,"686 Marin Pass, Warrensburg, OH 02000",(412) 256-8353,Non-Profit,1998-04-11,315056,Ricky Mooney,Starbucks,621 Mariner Ferry,(412) 712-2077,hollywood2057@duck.com,Non-Profit,Baltimore
800972352,42003,Allegheny,17,Hampton,Mikro Designs,410 Locust Ranch,Woodland,PA,77198,435,Insured-Subsidized,Housing Authority of Hampton,"329 Pontiac Gardens, San Ramon, GA 44150",(412) 830-5377,Non-Profit,1966-07-09,362024,Jina Hood,Network Air,409 Wills Loop,(412) 967-8007,cargo1951@outlook.com,Non-Profit,OHP
800362169,42003,Allegheny,12,Forest Hills,Sears,310 Conservatory Bypass,Wichita,PA,86376,192,Insured-Subsidized,Housing Authority of East McKeesport,"879 Patterson Point, Wheeling, CO 69224",(412) 890-2106,Profit Motivated,1981-08-04,327436,January Mcmillan,PACCAR,1162 Bliss Turnpike,(412) 745-8332,vote1883@gmail.com,Profit Motivated,OHP
800499270,42003,Allegheny,13,Glen Osborne,1298 Bucareli Extension,1116 Todd Crossing,Waterbury,PA,58945,391,Insured-Unsubsidized,Housing Authority of Reserve,"409 Steiner Gardens, Tukwila, MI 82221",(412) 825-3993,Non-Profit,2016-08-08,346211,Suk Marks,Werner Enterprises,472 Patten Trail,(412) 950-5907,drew1932@gmail.com,Limited Dividend,Pittsburgh
800480354,42003,Allegheny,14,Elizabeth,Galaxy Man,1052 Yukon Rapids,Chaska,PA,45913,370,Insured-Subsidized,Housing Authority of Thornburg,"122 Merrie Grove, Buckeye, WY 96136",(412) 794-6770,Limited Dividend,2022-04-18,283585,Ghislaine Zamora,Payless ShoeSource,1187 Maple Lane,(412) 717-7323,learn2023@duck.com,Profit Motivated,Baltimore
800412766,42003,Allegheny,18,Crafton,Idea Infinity,1150 Rickard Motorway,Flint,PA,78057,339,Insured-Unsubsidized,Housing Authority of Elizabeth,"91 Middle West Crossing, Corinth, MO 75419",(412) 034-8801,Non-Profit,1998-06-14,348656,Blossom Cobb,Corpbay,389 Acadia Avenue,(412) 697-2541,catholic1983@live.com,Non-Profit,Pittsburgh
800528711,42003,Allegheny,14,Bridgeville,1122 El Dorado Landing,995 Quint Hills,Kingsville,PA,13236,401,Insured-Subsidized,Housing Authority of Stowe,"1162 Fremont Station, Evanston, SC 26685",(412) 484-3935,Non-Profit,2008-09-10,278077,Glen Aguilar,Brinker International,821 Lori Cove,(412) 479-7581,pointer1914@example.com,Profit Motivated,Baltimore
800636843,42003,Allegheny,16,Fox Chapel,Profitpros,329 Pinehurst Walk,Spring Hill,PA,65802,199,Insured-Unsubsidized,Housing Authority of North Braddock,"847 Gateview 3 Park, North Miami, CO 22721",(412) 580-1999,Non-Profit,2007-01-27,219462,Leonarda Morrison,Boston Scientific,647 Norfolk Bend,(412) 470-9684,compliant1953@protonmail.com,Limited Dividend,Pittsburgh
800797372,42003,Allegheny,15,Whitaker,Earthworks Garden Kare,224 Northern Parkway,Delaware,PA,07689,342,Insured-Unsubsidized,Housing Authority of Springdale,"1360 Mclaren Lodge Access Hill, Saginaw, ND 23060",(412) 349-7824,Non-Profit,1989-10-27,200783,Billie Watkins,Fox Film Corporation,1329 Persia Route,(412) 922-5370,picture1916@live.com,Non-Profit,Baltimore
800448566,42003,Allegheny,15,Fox Chapel,556 Yorba Circle,63 Weatherly Trail,Paramus,PA,02519,24,Insured-Subsidized,Housing Authority of Glen Osborne,"1092 Sunset Motorway, Coconut Creek, NM 82815",(412) 574-4365,Limited Dividend,1998-02-16,113114,Maple Cervantes,Paramount Pictures,279 Terrace Gardens,(412) 109-0751,infinite1898@gmail.com,Limited Dividend,Baltimore
800607795,42003,Allegheny,15,Indiana,DirecTV,667 Lyell Stravenue,El Reno,PA,76715,465,Insured-Unsubsidized,Housing Authority of Munhall,"537 Harrison Crescent, Olathe, MT 66977",(412) 629-2163,Profit Motivated,1995-07-12,358283,Kip Lawson,Netcore,829 Idora Garden,(412) 865-8295,roman1821@yandex.com,Limited Dividend,OHP
800983501,42003,Allegheny,13,Plum,1015 Oak Row,876 Aladdin Mall,Dunedin,PA,35071,333,Insured-Subsidized,Housing Authority of West Deer,"683 Thomas Mellon Gardens, Saratoga Springs, CA 62267",(412) 924-7246,Limited Dividend,1977-05-15,51813,Brent Britt,Biomet,609 Whipple Circle,(412) 168-6658,spaces1834@yahoo.com,Non-Profit,OHP
800199456,42003,Allegheny,17,Versailles,1034 Locksley Walk,696 Mersey Motorway,Houma,PA,07041,326,Insured-Unsubsidized,Housing Authority of Rankin,"1325 Octavia Circle, Downey, TX 34918",(412) 157-9111,Non-Profit,1996-11-06,393988,Vannesa Norton,General Motors,968 French Arcade,(412) 006-4904,constitution1838@yandex.com,Limited Dividend,OHP
800167885,42003,Allegheny,16,Emsworth,198 Roanoke Park,1011 Perine Stravenue,Leavenworth,PA,39423,115,Insured-Subsidized,Housing Authority of South Park,"779 Osceola Hill, Round Rock, NY 08743",(412) 474-4140,Non-Profit,2003-07-18,90153,Wes Mann,Omni Tech,120 Augusta Expressway,(412) 965-9645,summit2094@gmail.com,Limited Dividend,Baltimore
800670023,42003,Allegheny,18,South Park,1202 Rey Lodge,561 Morse Circle,Emporia,PA,41553,136,Insured-Unsubsidized,Housing Authority of Findlay,"405 Battery Blaney Place, Bellevue, WI 10911",(412) 487-1370,Limited Dividend,2009-11-23,209784,Darron Branch,Belk,407 Normandie Bridge,(412) 230-6704,usr2095@gmail.com,Profit Motivated,Baltimore
800318837,42003,Allegheny,17,Baldwin,Silicon Graphics,771 Carmelita Landing,Rogers,PA,04543,7,Insured-Unsubsidized,Housing Authority of Rosslyn Farms,"590 Division Shore, Sanger, ME 72259",(412) 612-0423,Non-Profit,1993-08-09,369791,Karey Floyd,Ernod,612 Camp Mall,(412) 580-3989,violence2015@duck.com,Non-Profit,Pittsburgh
800758983,42003,Allegheny,13,Pleasant Hills,887 Whitney Young Estate,971 Santa Rita Loop,Talladega,PA,11824,78,Insured-Subsidized,Housing Authority of Sharpsburg,"559 Music Concourse Road, Burlington, RI 07702",(412) 355-5505,Profit Motivated,1985-05-25,188722,Torrie Knapp,Ground Round,381 Macarthur Crossing,(412) 239-9416,psychology1878@outlook.com,Limited Dividend,Pittsburgh
800417733,42003,Allegheny,12,Homestead,640 John Maher Highway,747 Waller Plaza,Marshalltown,PA,65266,28,Insured-Unsubsidized,Housing Authority of Frazer,"656 Valerton Road, Moorhead, GA 65371",(412) 132-0907,Profit Motivated,1997-02-04,308641,Breann Bolton,Affiliated Computer Services,966 Hester Junction,(412) 257-5569,cigarette2048@protonmail.com,Limited Dividend,Pittsburgh
800167650,42003,Allegheny,15,Avalon,"Sterling Ledet & Associates, Inc.",685 Barcelona Terrace,New Castle,PA,78606,498,Insured-Subsidized,Housing Authority of Verona,"1190 Scotia Canyon, Homewood, KS 97066",(412) 299-2218,Limited Dividend,1992-11-27,316452,Dannie Merritt,Dillard's,184 Juri Lane,(412) 509-4183,sherman1902@gmail.com,Non-Profit,Baltimore
800559694,42003,Allegheny,13,Coraopolis,1032 Miley Garden,853 Child Highway,Abilene,PA,41856,475,Insured-Subsidized,Housing Authority of Springdale,"45 Treasury Gardens, Biddeford, MS 72046",(412) 493-9395,Non-Profit,2007-10-31,172318,Jame Cash,Rich and Happy,1298 Agua Walk,(412) 872-0683,flat2010@outlook.com,Profit Motivated,Pittsburgh
800688616,42003,Allegheny,14,Ingram,Beasts of Beauty,767 Sunglow Drive,San Carlos,PA,37655,138,Insured-Unsubsidized,Housing Authority of Clairton,"448 Chattanooga Lodge, Placentia, CO 28243",(412) 264-9072,Limited Dividend,1966-04-21,225979,Ozell Dawson,Boeing,372 Orben Mews,(412) 673-4831,strategies2098@example.org,Profit Motivated,OHP
800557284,42003,Allegheny,15,Turtle Creek,658 Lillian Highway,229 Peabody Bayou,Monterey,PA,45473,88,Insured-Subsidized,Housing Authority of Richland,"518 De Soto Motorway, Norwalk, RI 95021",(412) 216-1613,Profit Motivated,1984-11-14,308661,Nieves Riley,Mars Incorporated,706 Priest Park,(412) 960-3296,depending2060@yandex.com,Non-Profit,Pittsburgh
800433502,42003,Allegheny,15,Bell Acres,America Online,590 Erkson Arcade,El Centro,PA,04442,140,Insured-Unsubsidized,Housing Authority of Etna,"581 Navajo Circle, Overland Park, NM 42484",(412) 278-0814,Limited Dividend,1997-12-31,122392,Cedrick Edwards,Sony Pictures Entertainment,328 Lunado Path,(412) 087-4301,abc1977@gmail.com,Non-Profit,Baltimore
800106543,42003,Allegheny,12,Stowe,1330 Mandalay Trace,787 Leidesdorff Road,White Bear Lake,PA,40034,382,Insured-Unsubsidized,Housing Authority of Haysville,"804 Yukon Boulevard, Bridgeton, IL 62385",(412) 946-0761,Profit Motivated,1977-07-10,120833,Sparkle Burch,News Corporation,1067 George Crossing,(412) 507-6895,pro1885@yandex.com,Limited Dividend,Baltimore
800886924,42003,Allegheny,13,Shaler,24 Boalt Crossing,526 Minerva Garden,Tinton Falls,PA,87532,283,Insured-Unsubsidized,Housing Authority of Baldwin,"175 De Long Lake, Snellville, NE 58498",(412) 606-3481,Limited Dividend,1982-10-26,335497,Wilfredo Joyner,Mattel,933 Belmont Manor,(412) 735-8901,established1878@protonmail.com,Non-Profit,Baltimore
800379400,42003,Allegheny,15,Robinson,Doculabs,150 South Hill Bridge,Douglas,PA,23185,74,Insured-Subsidized,Housing Authority of Blawnox,"1366 Belles Hills, Grandview, CO 01108",(412) 954-2458,Profit Motivated,1998-04-20,110548,Burl Weiss,Zaxby's,792 Prado Loop,(412) 020-7380,hits2073@yahoo.com,Profit Motivated,Pittsburgh
800962182,42003,Allegheny,17,Sewickley Heights,350 Greenview Garden,1313 Santa Rita Highway,San Dimas,PA,30584,328,Insured-Unsubsidized,Housing Authority of Bell Acres,"53 John F Kennedy Extension, Ann Arbor, NY 01918",(412) 112-8327,Limited Dividend,2021-04-05,114386,Tobias Porter,Terra Nova Garden Services,1163 South Park Pike,(412) 142-3539,excellence1910@yahoo.com,Profit Motivated,OHP
800940755,42003,Allegheny,17,Elizabeth,434 Turquoise Bypass,1004 Ahern Plaza,Woodland,PA,68824,159,Insured-Subsidized,Housing Authority of Mount Oliver,"959 Central Lake, Logan, NH 60530",(412) 344-1588,Non-Profit,1967-04-03,298327,Emerita Sharpe,Marshall Pottery,741 Kent Road,(412) 769-6945,testament2091@example.org,Profit Motivated,OHP
800429871,42003,Allegheny,16,Brentwood,Parallel Px,319 Sierra Square,El Mirage,PA,94879,415,Insured-Unsubsidized,Housing Authority of White Oak,"1358 Gibbon Pike, Indian Trail, NE 97372",(412) 398-4985,Limited Dividend,2008-12-31,215585,Lavern Goodman,Gillette,423 Burritt Arcade,(412) 949-9249,powers1841@live.com,Limited Dividend,OHP
800748723,42003,Allegheny,13,Glen Osborne,595 Ashbury Gardens,778 Rankin Walk,Harlingen,PA,59322,444,Insured-Subsidized,Housing Authority of Ben Avon,"709 The Embarcadero Place, Tarpon Springs, VT 54527",(412) 428-5458,Limited Dividend,2020-10-08,304623,Gregory Farrell,Digi-Key,1174 Davis Mews,(412) 572-7972,nervous2020@yahoo.com,Limited Dividend,Baltimore
800383743,42003,Allegheny,12,Sewickley,294 Stanley Arcade,1250 Cervantes Station,Carrollton,PA,10926,406,Insured-Subsidized,Housing Authority of Elizabeth,"405 Brady Trace, Findlay, FL 43929",(412) 723-9895,Limited Dividend,2008-07-13,245117,Nyla House,Architectural Genie,1185 Bertie Minor Row,(412) 216-7478,remaining1869@live.com,Profit Motivated,Pittsburgh
800944568,42003,Allegheny,16,South Park,560 Dorado Stravenue,379 Marview Hill,Matthews,PA,90201,404,Insured-Unsubsidized,Housing Authority of Dravosburg,"300 Georgia Row, Goodyear, GA 61421",(412) 603-9627,Limited Dividend,2020-12-16,305624,Dominick Decker,Overcast Media,1187 Pixley Cove,(412) 063-3339,photos2003@outlook.com,Non-Profit,Baltimore
800734588,42003,Allegheny,17,Lincoln,JCPenney,877 Newton Expressway,Calumet City,PA,50494,42,Insured-Unsubsidized,Housing Authority of Bethel Park,"508 Moore Shore, Lake Zurich, MO 24667",(412) 090-7878,Limited Dividend,1995-02-01,221697,Jose Dickerson,Columbia Pictures,390 Ellert Green,(412) 850-8421,soap1992@example.org,Limited Dividend,Baltimore
800469604,42003,Allegheny,12,Springdale,Pizza Hut,898 Springfield Motorway,Round Rock,PA,47900,299,Insured-Subsidized,Housing Authority of Swissvale,"1320 Iris Walk, Shelby, IN 45965",(412) 691-7278,Profit Motivated,1989-07-16,296450,Carroll Dillon,Blockbuster Inc.,567 Golden Arcade,(412) 208-4189,bruce2081@yandex.com,Profit Motivated,Pittsburgh
800173411,42003,Allegheny,13,Oakdale,Borders Group,369 Hicks Gardens,Pasco,PA,63595,119,Insured-Subsidized,Housing Authority of North Fayette,"3 Iron Turnpike, Broomfield, FL 70896",(412) 096-9473,Non-Profit,2008-05-25,262202,Wei O'neal,Arbitron,288 Baltimore Stravenue,(412) 593-4473,remedies1819@example.org,Limited Dividend,Pittsburgh
800858549,42003,Allegheny,18,Dormont,1395 Elm Street,34 Hooker Park,San Bernardino,PA,89141,25,Insured-Subsidized,Housing Authority of Scott,"99 Paul Parkway, Sycamore, ND 98292",(412) 479-3159,Non-Profit,2019-09-26,108707,Gennie Shaffer,Reliable Garden Management,970 Getz Garden,(412) 063-6410,thermal2016@yandex.com,Limited Dividend,Baltimore
800200720,42003,Allegheny,12,Kennedy,661 Guy Lane,838 Underwood Walk,Camarillo,PA,03068,299,Insured-Unsubsidized,Housing Authority of Springdale,"646 State Field, Rock Springs, MI 57641",(412) 850-6022,Profit Motivated,2017-12-16,74531,Herman Forbes,Rockstar Games,794 Junipero Serra Hill,(412) 224-3877,got2097@example.com,Limited Dividend,Baltimore
800506578,42003,Allegheny,12,Penn Hills,Advanced Processing & Imaging,380 Howard Crossing,West Sacramento,PA,49592,70,Insured-Subsidized,Housing Authority of Turtle Creek,"894 Anza Stravenue, Slidell, OH 94842",(412) 509-6832,Limited Dividend,1968-05-14,252559,Quentin Morrison,Abercrombie & Fitch,978 Porter Bend,(412) 475-5802,constitutes2038@duck.com,Profit Motivated,Pittsburgh
800941848,42003,Allegheny,18,Millvale,1320 San Gabriel Manor,1111 Pierce Expressway,Moreno Valley,PA,15038,496,Insured-Subsidized,Housing Authority of Coraopolis,"1188 Berry Extension Cove, Dallas, MI 70493",(412) 422-9232,Profit Motivated,2005-01-15,412563,Xavier Jenkins,Abercrombie & Fitch,1366 Pretor Court,(412) 792-8132,upgrades2017@live.com,Profit Motivated,OHP
800262435,42003,Allegheny,18,Frazer,Terra Nova Garden Services,1206 Battery Safford Parkway,La Porte,PA,15629,320,Insured-Subsidized,Housing Authority of Franklin Park,"813 Mistral Court, Bedford, VA 64405",(412) 347-5521,Limited Dividend,1984-02-15,123161,Silva Dejesus,AGCO,808 Striped Bass Parkway,(412) 220-6714,hrs1888@yahoo.com,Non-Profit,Baltimore
800425206,42003,Allegheny,15,West Mifflin,270 Lisbon Highway,727 Mission Rock Turnpike,Panama City,PA,66900,92,Insured-Unsubsidized,Housing Authority of Port Vue,"252 Argonaut Trail, Sebastian, ND 78084",(412) 023-4407,Limited Dividend,1997-07-01,295652,Johnathan Washington,State Street Corporation,1161 Revello Crossing,(412) 263-2204,bikini1847@example.org,Profit Motivated,OHP
800077826,42003,Allegheny,18,Wall,1276 Ingalls Turnpike,234 Bayside Village Highway,Ellensburg,PA,39102,399,Insured-Unsubsidized,Housing Authority of Munhall,"642 View Junction, Tarpon Springs, WY 72478",(412) 792-6426,Profit Motivated,1968-03-04,63539,Bebe Jones,VMware,788 Zeno Avenue,(412) 143-5094,aerial2053@gmail.com,Limited Dividend,Baltimore
800729304,42003,Allegheny,12,Ross,AVST,1341 Ellington Arcade,Orinda,PA,94028,421,Insured-Unsubsidized,Housing Authority of West Mifflin,"727 Acadia Garden, Anoka, LA 37960",(412) 129-6039,Profit Motivated,1995-05-24,264167,Vi Reynolds,New Balance,1280 Circular Gardens,(412) 940-6092,affiliation2071@protonmail.com,Non-Profit,Baltimore
800553186,42003,Allegheny,17,Edgeworth,Amerigroup,748 Davenport Point,Bentonville,PA,51458,246,Insured-Unsubsidized,Housing Authority of Robinson,"1374 Putnam Field, Keller, NH 34048",(412) 558-2732,Profit Motivated,1971-11-14,10060,Mark Adkins,Sterling Commerce,346 Santa Ysabel Motorway,(412) 125-9117,departure1865@example.com,Profit Motivated,OHP
800246177,42003,Allegheny,14,Marshall,302 Rebecca Highway,216 Palou Place,Miami,PA,62237,241,Insured-Subsidized,Housing Authority of Springdale,"957 Mirando Stravenue, Lynchburg, FL 99707",(412) 528-0720,Profit Motivated,2016-09-28,238424,Fritz Brock,Chrysler,525 Stone Field,(412) 343-7683,analyze2002@example.org,Limited Dividend,Baltimore
800887888,42003,Allegheny,13,Ben Avon Heights,1266 Sierra Station,40 Everson Walk,El Reno,PA,46806,17,Insured-Unsubsidized,Housing Authority of Frazer,"1367 Cecilia Hill, Winston-Salem, LA 41419",(412) 100-5120,Limited Dividend,2004-04-16,189504,Yanira Mayer,VECO Corporation,1139 Teresita Loop,(412) 310-9907,rocket1926@duck.com,Profit Motivated,Baltimore
800685411,42003,Allegheny,16,Indiana,1107 Winthrop Junction,1205 Rawles Bayou,Hopkinsville,PA,74372,105,Insured-Unsubsidized,Housing Authority of Crescent,"469 Avocet Station, Lindenhurst, NM 26372",(412) 741-8547,Limited Dividend,2014-08-15,268628,Miyoko Townsend,VonMaur,393 Linda Vista Hills,(412) 287-0790,answered1832@example.org,Limited Dividend,Pittsburgh
800835992,42003,Allegheny,14,Whitehall,827 Stanyan Spur,1151 Chapman Mews,Florissant,PA,02270,258,Insured-Subsidized,Housing Authority of Coraopolis,"956 Cecilia Junction, Sahuarita, AZ 15877",(412) 762-3827,Non-Profit,1970-08-05,279282,Lakia Swanson,Chargepal,426 Dedman Turnpike,(412) 747-5882,norm1876@live.com,Profit Motivated,Pittsburgh
800811815,42003,Allegheny,12,Robinson,896 Hester Alley,1288 Dorantes Station,Ashland,PA,30091,487,Insured-Unsubsidized,Housing Authority of Leetsdale,"232 Robblee Field, Glenview, TN 40359",(412) 528-0424,Limited Dividend,1989-03-30,56586,Pasty Robbins,Aramark,770 Stanford Mews,(412) 794-4987,nhs2048@outlook.com,Non-Profit,Baltimore
800716361,42003,Allegheny,15,Oakdale,Complete Tech,1376 Euclid Row,Minot,PA,26796,81,Insured-Unsubsidized,Housing Authority of Green Tree,"685 Kenwood Stravenue, West St. Paul, LA 28759",(412) 679-2210,Profit Motivated,1993-08-20,233109,Paz Norton,PepsiCo,718 Madrone Terrace,(412) 035-3689,formation1865@outlook.com,Limited Dividend,OHP
800273541,42003,Allegheny,14,Swissvale,Steinway & Sons,724 Liberty Place,Fort Collins,PA,58404,358,Insured-Unsubsidized,Housing Authority of Green Tree,"66 Pollock Landing, Jupiter, RI 52378",(412) 093-1886,Non-Profit,1981-10-07,25688,Lorenzo Barnett,Anchor Bay Entertainment,978 Vesta Ranch,(412) 232-0890,libraries2085@yandex.com,Profit Motivated,Baltimore
800941933,42003,Allegheny,15,Moon,926 Wool Point,1227 Leona Parkway,Baldwin,PA,36288,13,Insured-Unsubsidized,Housing Authority of Castle Shannon,"1156 Lamson Expressway, Topeka, AR 52069",(412) 919-6087,Profit Motivated,2000-07-04,144764,Marcelino Vargas,W.C. Bradley Co.,108 John F Kennedy Lodge,(412) 983-2116,changing1800@live.com,Non-Profit,OHP
800097825,42003,Allegheny,14,South Park,222 Kiska Terrace,1268 Monument Cove,Mason,PA,55796,42,Insured-Subsidized,Housing Authority of Springdale,"1009 Godeus Bypass, Fuquay-Varina, VA 03570",(412) 430-9467,Limited Dividend,1984-04-23,263727,Tobias Gibbs,Cognizant Technology Solutions,983 Wanda Pass,(412) 982-5532,administration2078@example.org,Limited Dividend,Pittsburgh
800168135,42003,Allegheny,13,Harrison,Capital One,925 Cashmere Plaza,West Haven,PA,84943,343,Insured-Unsubsidized,Housing Authority of Lincoln,"1189 Roselyn Circle, Chino, NE 67867",(412) 711-3629,Limited Dividend,2011-04-26,229957,Merri Knight,Choices,32 Cashmere Path,(412) 146-8762,difficult1972@outlook.com,Non-Profit,Baltimore
800254306,42003,Allegheny,12,,872 Regent Highway,367 Rainey Heights,Allen Park,PA,80596,4,Insured-Unsubsidized,Housing Authority of Moon,"203 Sloat Turnpike, Sugar Land, SD 19104",(412) 595-0335,Limited Dividend,2009-03-05,119361,Eduardo Quinn,Myspace,602 Santa Cruz Turnpike,(412) 324-8459,whereas1950@yandex.com,Non-Profit,Pittsburgh
800078674,42003,Allegheny,14,Swissvale,Rivera Property Maintenance,470 Mcrae Lake,Coronado,PA,89582,23,Insured-Unsubsidized,Housing Authority of Coraopolis,"89 Bromley Route, Lemoore, MS 01004",(412) 796-6247,Profit Motivated,2019-09-25,183948,Desirae Fulton,Helios Air,1353 Letterman Hospital Access Gardens,(412) 222-8827,banner1974@example.com,Limited Dividend,OHP
800803123,42003,Allegheny,16,Pennsbury Village,Custom Lawn Care,1153 East Lane,Bowling Green,PA,91691,73,Insured-Unsubsidized,Housing Authority of Ohio,"904 Crisp Trace, Addison, AL 04288",(412) 488-1824,Profit Motivated,1979-05-02,414068,Jesusita Chavez,National Railway Equipment Company,448 Hollis Mall,(412) 100-6756,unauthorized1965@live.com,Limited Dividend,Baltimore
800253065,42003,Allegheny,12,Chalfant,Spanx,1335 Shipley Lodge,Pittsburg,PA,83508,301,Insured-Subsidized,Housing Authority of Tarentum,"559 Wawona Boulevard, Sandy Springs, SD 82459",(412) 551-3356,Profit Motivated,2007-09-04,39336,Angle Hicks,Applebee's,376 Santos Grove,(412) 682-1116,instances1860@example.com,Non-Profit,Baltimore
800713044,42003,Allegheny,15,McCandless,Dresser Inc.,468 Nelson Canyon,Adrian,PA,08076,346,Insured-Subsidized,Housing Authority of Forest Hills,"444 Panorama Pine, Durango, CA 58657",(412) 837-3306,Limited Dividend,1966-08-26,215237,Ardell Howard,Profitpros,1335 Salmon Bend,(412) 370-2783,poem1995@gmail.com,Limited Dividend,Baltimore
800938431,42003,Allegheny,14,Monroeville,Kohler Company,901 Plymouth Station,Maricopa,PA,00254,239,Insured-Unsubsidized,Housing Authority of Stowe,"455 Miley Green, Monterey, CT 98634",(412) 923-1236,Profit Motivated,1996-12-11,332759,Laurene Thomas,The Spotted Cougar,116 Lawrence Lane,(412) 827-6715,primarily2058@example.com,Limited Dividend,Pittsburgh
800414228,42003,Allegheny,15,Ingram,MagnaSolution,687 North Point Spur,Bessemer,PA,38607,91,Insured-Subsidized,Housing Authority of Fawn,"724 Avenue F Extension, Kenner, CT 48234",(412) 286-1487,Profit Motivated,2012-02-25,127737,Efrain Walsh,Acuserv,1346 Perry Point,(412) 106-8382,page2078@live.com,Limited Dividend,OHP
800920779,42003,Allegheny,13,Hampton,Hi-Point Firearms,1061 Carpenter Motorway,Lindenwold,PA,76087,471,Insured-Unsubsidized,Housing Authority of Dravosburg,"579 Dichiera Cove, Castle Rock, IA 90244",(412) 894-6769,Profit Motivated,2010-12-06,228454,Chantay Morales,Alliant Techsystems,94 Dichiera Hill,(412) 500-2794,skin1943@example.com,Profit Motivated,Pittsburgh
800453162,42003,Allegheny,16,Aspinwall,Titania,1114 Nahua Terrace,Norwich,PA,61202,84,Insured-Subsidized,Housing Authority of McCandless,"188 Cook Expressway, Manassas, WV 04070",(412) 084-1862,Profit Motivated,1978-06-25,289447,Theodore Conway,AGCO,122 Westside Shore,(412) 689-5742,concluded1938@example.com,Non-Profit,Baltimore
800082288,42003,Allegheny,18,East Deer,Gemini Sound Products,1388 Bessie Place,Beloit,PA,74988,383,Insured-Subsidized,Housing Authority of Bell Acres,"1122 Winter Junction, West Valley City, MD 14608",(412) 797-4903,Profit Motivated,1968-12-15,38534,Caprice Gonzalez,Twitter,57 Gilroy Crescent,(412) 519-9949,mediawiki1993@outlook.com,Profit Motivated,Pittsburgh
800409914,42003,Allegheny,17,West Homestead,Magna Gases,1317 Arlington Stravenue,Centerville,PA,43288,22,Insured-Subsidized,Housing Authority of Aleppo,"236 Alton Highway, Baton Rouge, IN 01424",(412) 366-8646,Profit Motivated,1973-06-02,213868,Nadene Meadows,ArvinMeritor,788 Margrave Plaza,(412) 796-1879,calculations2093@protonmail.com,Limited Dividend,Pittsburgh
800304719,42003,Allegheny,12,McCandless,"Dell, Inc.",1041 Cargo Rapids,Seminole,PA,89832,109,Insured-Unsubsidized,Housing Authority of Plum,"14 Havenside Glen, Goodyear, TX 26143",(412) 177-2278,Limited Dividend,2009-05-25,80582,Henriette Drake,Alienware,147 Joy Bypass,(412) 235-8180,administrative1827@outlook.com,Non-Profit,OHP
800285501,42003,Allegheny,16,,AOL,157 Armistead Alley,Little Rock,PA,21963,424,Insured-Subsidized,Housing Authority of Crescent,"1030 Dunsmuir Lake, Lakeland, LA 55262",(412) 981-4987,Limited Dividend,1971-01-21,373024,Gertude Cooke,Ubu Productions,747 Moneta Bayou,(412) 868-1900,charter1985@live.com,Non-Profit,Baltimore
800845664,42003,Allegheny,15,Forest Hills,IBM,546 Napier Ranch,Las Cruces,PA,39191,327,Insured-Subsidized,Housing Authority of Bridgeville,"1014 Stanley Creek, Rochester, PA 38968",(412) 766-3718,Profit Motivated,2009-10-08,163833,Latina Bishop,Omni Group,18 Nibbi Junction,(412) 691-1184,var1961@protonmail.com,Limited Dividend,Baltimore
800758485,42003,Allegheny,18,North Fayette,Human Kinetics,499 Thomas Mellon Glen,Largo,PA,51609,370,Insured-Subsidized,Housing Authority of Oakdale,"245 De Haro Spur, Payson, NV 91070",(412) 660-4967,Non-Profit,1980-08-04,229087,Ward Nguyen,Seksi Ladi,150 Manzanita Boulevard,(412) 817-2291,dir1964@example.com,Non-Profit,Baltimore
800376161,42003,Allegheny,12,Carnegie,Emerson Radio,1343 Pink Circle,Montgomery,PA,83587,104,Insured-Subsidized,Housing Authority of Baldwin,"676 Bernice Rodgers Garden, Fort Collins, OH 66177",(412) 722-0633,Limited Dividend,1964-07-19,86345,Sherman Reed,American Electric Power,610 Humboldt Extension,(412) 364-3993,delete2046@yandex.com,Non-Profit,Baltimore
800133410,42003,Allegheny,15,Bridgeville,1046 Pixley Ranch,1285 Cherry Lane,Cliffside Park,PA,36885,30,Insured-Subsidized,Housing Authority of Harrison,"1354 Hobart Walk, Glendora, AK 37661",(412) 709-0786,Limited Dividend,1996-05-26,73628,Jacinto Stewart,Price Waterhouse Coopers,862 Moore Street,(412) 523-6436,height2095@outlook.com,Profit Motivated,OHP
800658979,42003,Allegheny,12,Rankin,962 Thor Hills,88 Bayview Lane,Galveston,PA,77232,118,Insured-Unsubsidized,Housing Authority of Plum,"766 Decatur Loop, Laredo, MS 56197",(412) 879-5475,Profit Motivated,1989-02-13,342083,Tracy Ball,Avaya,685 Florence Pass,(412) 691-6211,boost1976@protonmail.com,Non-Profit,OHP
800336344,42003,Allegheny,18,Millvale,124 John Muir Run,326 Burnside Avenue,Palm Springs,PA,27764,88,Insured-Subsidized,Housing Authority of North Fayette,"783 Shawnee Field, Draper, WV 22961",(412) 286-5570,Limited Dividend,1970-03-16,200162,Remedios Spence,Vantec,197 Opal Road,(412) 393-3954,assess1804@gmail.com,Limited Dividend,Baltimore
800216220,42003,Allegheny,13,Ben Avon,Architectural Genie,5 Science Loop,Saginaw,PA,03138,12,Insured-Unsubsidized,Housing Authority of Crafton,"114 Jack London Motorway, Winter Park, TN 87180",(412) 434-8525,Limited Dividend,1998-11-30,127640,Robena Mckay,Giant Food,446 Clipper Walk,(412) 022-9804,memphis1854@protonmail.com,Limited Dividend,Baltimore
800608249,42003,Allegheny,15,Moon,Rockwell Automation,1152 Thomas Mellon Estate,Walker,PA,92939,44,Insured-Unsubsidized,Housing Authority of Pittsburgh,"1388 Rockaway Rapids, Piqua, OK 99640",(412) 600-9708,Non-Profit,1998-04-24,225659,Walter Pratt,Incluesiv,529 Rivoli Cove,(412) 737-8666,controllers1972@protonmail.com,Profit Motivated,Baltimore
800108663,42003,Allegheny,15,West Homestead,54 Shore View Crossing,426 Levant Crescent,McAllen,PA,38274,416,Insured-Unsubsidized,Housing Authority of Leet,"132 West View Stravenue, Arcata, ND 06243",(412) 926-3459,Profit Motivated,1986-12-30,258258,Milford Rosario,Georgia Pacific,1392 Crestlake Ferry,(412) 392-3283,cook2043@example.com,Non-Profit,Pittsburgh
800130319,42003,Allegheny,15,Scott,786 Hicks Trail,1022 Brown Pike,Plainview,PA,87169,390,Insured-Subsidized,Housing Authority of Sharpsburg,"1172 Burlwood Row, Goodlettsville, OK 30912",(412) 752-6004,Non-Profit,1987-08-28,25594,Sau Reid,SAIC,688 Jennifer Place,(412) 387-5944,xml2050@yahoo.com,Non-Profit,Pittsburgh
800323859,42003,Allegheny,13,Ingram,1258 Sproule Hill,1129 Maddux Trail,Corinth,PA,82410,272,Insured-Unsubsidized,Housing Authority of Leetsdale,"1192 Clarkson Hills, Newberg, NY 71493",(412) 415-0101,Profit Motivated,2011-02-24,171821,Guadalupe Shepherd,Global Insight,606 Prentiss Field,(412) 021-7339,prospective1995@live.com,Profit Motivated,Pittsburgh
800430449,42003,Allegheny,12,Penn Hills,346 Dashiell Hammett Bridge,71 Alpine Circle,Alton,PA,67133,6,Insured-Subsidized,Housing Authority of Sewickley,"1257 Schofield Bridge, Kalamazoo, FL 34659",(412) 537-2195,Non-Profit,1997-11-12,215375,Cherelle Dickson,Macroserve,528 Raymond Canyon,(412) 773-5016,occasion1883@outlook.com,Profit Motivated,Baltimore
800443547,42003,Allegheny,17,Marshall,789 South Park Extension,384 Pratt Expressway,Bossier City,PA,56613,448,Insured-Unsubsidized,Housing Authority of West Mifflin,"475 Wilde Trace, Birmingham, DE 57775",(412) 598-0438,Non-Profit,1983-03-29,102360,Particia Mays,Mattel,593 Cortes Stravenue,(412) 133-8070,decided2005@gmail.com,Limited Dividend,Pittsburgh
800460050,42003,Allegheny,13,Glassport,W. R. Grace and Company,639 Pope Arcade,Hammond,PA,61741,270,Insured-Unsubsidized,Housing Authority of Tarentum,"612 Beaver Square, Rancho Mirage, MI 55180",(412) 046-6169,Non-Profit,1994-11-16,258560,Kaylene Bender,Wahl Clipper,1279 Milton I Ross Ferry,(412) 866-7555,determination1809@yahoo.com,Non-Profit,Baltimore
800946732,42003,Allegheny,12,Elizabeth,326 Beacon Parkway,1114 Wisconsin Circle,University Park,PA,16780,279,Insured-Unsubsidized,Housing Authority of Wilkins,"1298 Owens Grove, Fountain Hills, NC 16924",(412) 380-4983,Profit Motivated,1971-12-17,163097,Damian Bernard,TLC,640 Arballo Bridge,(412) 226-4091,influence1991@duck.com,Profit Motivated,Pittsburgh
800163891,42003,Allegheny,18,Baldwin,95 Stone Expressway,1351 Ada Hill,Skokie,PA,80382,494,Insured-Unsubsidized,Housing Authority of West Homestead,"908 Robert C Levy Lane, Lee's Summit, AK 09633",(412) 026-9950,Profit Motivated,1972-03-05,415161,Donya Watts,Control Data Corporation,144 Arleta Spur,(412) 539-9263,burst2031@gmail.com,Profit Motivated,Pittsburgh
800419058,42003,Allegheny,17,Glenfield,Qwest,303 Rio Verde Bypass,Sycamore,PA,61236,245,Insured-Unsubsidized,Housing Authority of Verona,"1311 Owens Path, League City, UT 29667",(412) 992-6494,Non-Profit,2005-09-17,228566,Weston Todd,L.L.Bean,26 Easement Manor,(412) 327-9621,advance1913@protonmail.com,Non-Profit,Pittsburgh
800428517,42003,Allegheny,13,,939 San Diego Alley,809 Seal Rock Road,South St. Paul,PA,26028,423,Insured-Unsubsidized,Housing Authority of Glassport,"591 Virginia Circle, Sarasota, MD 83651",(412) 974-8059,Non-Profit,2010-05-30,232682,Sean Lancaster,Oberweis Dairy,84 Fuente Canyon,(412) 434-0461,republicans1941@yandex.com,Limited Dividend,Baltimore
800435592,42003,Allegheny,12,North Fayette,New World,354 Lockwood Manor,Oak Creek,PA,89359,111,Insured-Subsidized,Housing Authority of South Park,"844 Keystone Ferry, North Charleston, CO 18293",(412) 132-9498,Non-Profit,1988-04-08,37294,Lasonya Raymond,Fidelity Investments,924 Sabin Field,(412) 756-1927,sensitivity1939@protonmail.com,Limited Dividend,Baltimore
800915004,42003,Allegheny,12,North Braddock,1207 Aztec Green,960 Boardman Row,Taylor,PA,85040,346,Insured-Subsidized,Housing Authority of Munhall,"217 Roanoke Crossing, Madera, MA 99987",(412) 386-9771,Limited Dividend,2015-02-17,134469,Miguelina Brady,Altria Group,1161 Dublin Square,(412) 830-6312,tears1816@example.com,Non-Profit,Pittsburgh
800133491,42003,Allegheny,17,Baldwin,Storage Technology Corporation,1071 Birchwood Manor,Grand Rapids,PA,34683,22,Insured-Unsubsidized,Housing Authority of Mount Oliver,"936 Grove Cove, Euclid, ND 09941",(412) 180-9504,Limited Dividend,1994-12-07,154802,Kayleen Cannon,Ace Hardware,827 Egbert Grove,(412) 599-0911,writing1822@gmail.com,Limited Dividend,Pittsburgh
800096461,42003,Allegheny,14,Crafton,1261 Crestlake Manor,1319 Redondo Square,Desert Hot Springs,PA,40109,268,Insured-Unsubsidized,Housing Authority of Penn Hills,"244 Cesar Chavez Run, Thornton, IA 17654",(412) 120-1240,Profit Motivated,1977-09-19,148091,Gil Mclaughlin,XPLANE,848 Belmont Crossing,(412) 362-4049,fourth1804@example.com,Non-Profit,Pittsburgh
800599801,42003,Allegheny,16,West View,Westinghouse Digital LLC,475 Brompton Road,St. Charles,PA,00260,182,Insured-Subsidized,Housing Authority of East Deer,"1063 Aloha Mews, Long Beach, NH 64217",(412) 439-9449,Limited Dividend,1997-10-28,349517,Moon Melendez,Nabisco,42 Turquoise Walk,(412) 645-6329,unity1869@gmail.com,Non-Profit,OHP
800227470,42003,Allegheny,18,Fox Chapel,64 Turner Extension,1340 Mountview Court,Emporia,PA,33617,72,Insured-Subsidized,Housing Authority of Collier,"1318 Moss Loop, Newport Beach, CT 22154",(412) 032-2403,Profit Motivated,1992-07-04,106956,Raymundo Everett,Hastings Entertainment,1397 Progress Boulevard,(412) 961-8199,internal1872@example.org,Non-Profit,Pittsburgh
800827081,42003,Allegheny,15,Springdale,1213 Lexington Alley,820 Lucky Shore,Savannah,PA,65221,167,Insured-Unsubsidized,Housing Authority of ,"967 La Grande Hill, Lufkin, DE 44201",(412) 098-4829,Profit Motivated,2010-12-26,191818,Archie Murphy,Ecolab,200 Legion Path,(412) 937-6851,vienna2013@live.com,Profit Motivated,Baltimore
800611087,42003,Allegheny,16,Lincoln,Global Insight,855 Harding Bypass,Ontario,PA,94858,110,Insured-Unsubsidized,Housing Authority of Versailles,"661 Tubbs Heights, Payson, AZ 53574",(412) 596-6663,Profit Motivated,2005-12-28,182526,Soila Jones,ArvinMeritor,1387 Norwich Spur,(412) 427-3091,examined1904@example.org,Limited Dividend,OHP
800481385,42003,Allegheny,12,Pine,Copeland's,161 Campus Center,Auburn Hills,PA,44152,12,Insured-Subsidized,Housing Authority of Forest Hills,"371 Blythdale Pike, Vista, SC 66993",(412) 143-4657,Non-Profit,1979-02-26,10088,Oren Merrill,The Serendipity Dip,964 Hardie Highway,(412) 534-8344,mlb2098@protonmail.com,Limited Dividend,OHP
800321064,42003,Allegheny,18,Collier,Adaptaz,1007 Worcester Station,West Des Moines,PA,81358,349,Insured-Unsubsidized,Housing Authority of East Pittsburgh,"788 Cordova Trail, Patterson, MI 52946",(412) 176-7577,Limited Dividend,2000-12-11,376455,Felisa Lloyd,Paxton Media Group,733 Walbridge Landing,(412) 109-8243,exchange2000@yahoo.com,Limited Dividend,OHP
800636178,42003,Allegheny,17,Fawn,Solution Bridge,1054 Laguna Honda Station,Eastlake,PA,20301,475,Insured-Unsubsidized,Housing Authority of Rosslyn Farms,"829 Tillman Cove, La Mesa, WA 90361",(412) 134-8731,Limited Dividend,1998-02-02,405073,Ashlyn Rios,ArvinMeritor,117 Rotteck Square,(412) 131-4893,virus2048@example.com,Limited Dividend,Pittsburgh
800443172,42003,Allegheny,13,Oakmont,1377 Cloud Shore,1276 Baldwin Shore,Methuen,PA,79648,30,Insured-Subsidized,Housing Authority of Millvale,"340 Christmas Tree Point Bayou, Benbrook, AL 77324",(412) 701-3213,Non-Profit,2015-11-19,64991,Leland Trevino,Prestigabiz,480 Gilman Alley,(412) 108-9717,sticks2003@example.org,Profit Motivated,Baltimore
800629535,42003,Allegheny,15,Ross,Syntel,195 Automobile Street,Mount Clemens,PA,36306,297,Insured-Subsidized,Housing Authority of Ohio,"9 Beachmont Cove, Hanford, WV 58907",(412) 565-4606,Limited Dividend,1976-02-17,262023,Angla Howard,Liz Claiborne,680 Hillview Junction,(412) 689-4269,meet1923@duck.com,Profit Motivated,OHP
800506032,42003,Allegheny,13,Bradford Woods,NetDNA,838 Cragmont Run,Carmel,PA,97069,317,Insured-Unsubsidized,Housing Authority of North Versailles,"272 Pacheco Shore, Lompoc, TX 45079",(412) 020-4240,Profit Motivated,1977-04-25,362489,Maurice Delaney,Advance Auto Parts,511 Boyd Trace,(412) 001-7377,his2056@yandex.com,Limited Dividend,OHP
800255733,42003,Allegheny,15,Dormont,795 Pleasant Run,950 Moncada Drive,Michigan City,PA,32623,190,Insured-Unsubsidized,Housing Authority of Pleasant Hills,"1026 Cortland Landing, La Porte, ID 70531",(412) 958-9852,Limited Dividend,1965-01-04,203575,Devin Cantrell,Fairchild Semiconductor,585 Starview Square,(412) 899-4206,devices1880@example.org,Profit Motivated,OHP
800895238,42003,Allegheny,15,Glassport,323 Badger Hill,474 Newell Drive,Paris,PA,80659,373,Insured-Subsidized,Housing Authority of Plum,"112 Birmingham Landing, Maryland Heights, WI 76363",(412) 808-8057,Limited Dividend,1965-03-06,307640,Jesusa Dyer,Wizards of the Coast,85 Anson Lodge,(412) 032-4875,butts1826@example.org,Non-Profit,OHP
800388096,42003,Allegheny,15,Baldwin,279 Marlin Viaduct,1153 Brice Field,Alamo,PA,47494,249,Insured-Unsubsidized,Housing Authority of Baldwin,"857 Ruger Circle, Hermosa Beach, AL 93312",(412) 493-1458,Profit Motivated,1973-07-21,60426,Whitley Benson,Group O,1325 Clearview Ranch,(412) 485-3091,pamela1830@gmail.com,Profit Motivated,OHP
800910776,42003,Allegheny,16,White Oak,United Airlines,607 Maiden Place,Burien,PA,37348,158,Insured-Subsidized,Housing Authority of West View,"994 Crespi Walk, Conway, IA 35782",(412) 997-5027,Non-Profit,1973-07-17,208561,Antonetta Frederick,Mikro Designs,970 Flood Mall,(412) 504-8977,databases1817@live.com,Non-Profit,Pittsburgh
800081138,42003,Allegheny,15,Springdale,313 Yale Avenue,1005 Telegraph Hill Extension,Pleasant Prairie,PA,96945,154,Insured-Unsubsidized,Housing Authority of Etna,"358 Dakota Route, Castle Rock, HI 09182",(412) 976-8634,Non-Profit,1995-06-25,98648,Cristobal Elliott,Matrix Architectural Service,1335 Bay View Terrace,(412) 548-2615,earrings1891@yandex.com,Non-Profit,Baltimore
800327917,42003,Allegheny,17,Reserve,1387 Gabilan Square,82 Sfgh Access Point,Providence,PA,66912,96,Insured-Subsidized,Housing Authority of Wilkinsburg,"785 Armstrong Place, Sheridan, MS 12956",(412) 822-6969,Limited Dividend,2007-12-17,148088,Corie Jordan,Star Bright Investment Group,350 Upton Turnpike,(412) 837-7409,transform1848@example.com,Limited Dividend,Baltimore
800811511,42003,Allegheny,15,Duquesne,903 Pelican Cove Expressway,1041 Mammon Landing,Cerritos,PA,37681,251,Insured-Subsidized,Housing Authority of Munhall,"1107 Norton Green, Winter Haven, IL 70923",(412) 208-9925,Limited Dividend,1989-02-06,47116,Geoffrey Tanner,House of Gas,1296 Scenic Bypass,(412) 439-5572,berry1841@duck.com,Non-Profit,Baltimore
800098106,42003,Allegheny,13,Oakmont,Verbatim Corporation,1033 Polaris Heights,Sulphur,PA,61172,367,Insured-Unsubsidized,Housing Authority of Jefferson Hills,"233 Gellert Bypass, Middletown, MO 53934",(412) 213-3762,Profit Motivated,1996-02-05,339602,Jeneva Woods,Go Daddy,927 Elsie Ranch,(412) 221-4631,frontier1859@outlook.com,Limited Dividend,OHP
800739053,42003,Allegheny,12,Brentwood,Architectural Genie,215 Edinburgh Trail,Upland,PA,52070,208,Insured-Unsubsidized,Housing Authority of Aspinwall,"403 Starview Lane, Raleigh, MO 14280",(412) 199-1001,Non-Profit,1980-11-20,222391,Joaquina Newman,Bucyrus International,644 Bertie Minor Gardens,(412) 109-2827,jeffrey2009@example.org,Limited Dividend,Baltimore
800041044,42003,Allegheny,18,Coraopolis,Domtar,357 Westbrook Green,North Tonawanda,PA,20843,273,Insured-Subsidized,Housing Authority of Franklin Park,"1085 Davidson Boulevard, Glassboro, MS 75847",(412) 942-2851,Non-Profit,1987-04-26,206398,Ross Camacho,Zephyr Investments,64 Bache Road,(412) 789-7318,mother1929@duck.com,Non-Profit,OHP
800500079,42003,Allegheny,16,Munhall,"PalmSource, Inc.",1148 Division Place,Riviera Beach,PA,42565,39,Insured-Subsidized,Housing Authority of Shaler,"360 Bayview Park Stravenue, Moraga, WV 69614",(412) 513-9654,Non-Profit,1999-05-28,277646,Branden Lewis,Northern Star,921 Gallagher Ranch,(412) 909-5632,hair1848@outlook.com,Non-Profit,Baltimore
800977810,42003,Allegheny,18,South Park,Qualcomm,669 Excelsior Bridge,Hampton,PA,52062,94,Insured-Subsidized,Housing Authority of Stowe,"1233 Eucalyptus Mall, Tallmadge, ND 53247",(412) 458-6767,Non-Profit,1986-12-02,369621,Iesha Hurley,New Balance,351 Holly Park Bypass,(412) 129-1421,makeup2083@live.com,Profit Motivated,Pittsburgh
800707994,42003,Allegheny,13,Hampton,1009 Shoup Shore,388 Owen Run,Hayward,PA,48782,491,Insured-Unsubsidized,Housing Authority of Leet,"949 Johnstone Run, Barnstable Town, OH 23811",(412) 795-2540,Limited Dividend,1989-05-30,308012,Stevie Robles,AGL Resources,467 Miraloma Shore,(412) 694-4133,party1811@yahoo.com,Non-Profit,Baltimore
800905866,42003,Allegheny,18,Rosslyn Farms,Amkor Technology,1330 Schofield Lane,Moorhead,PA,85180,225,Insured-Subsidized,Housing Authority of Baldwin,"1025 Millwright Cottage Access Walk, Calexico, AL 52666",(412) 648-3307,Limited Dividend,2014-05-26,346822,Shalon Gill,Amkor Technology,1285 Bass Crescent,(412) 130-3290,larger1860@yahoo.com,Profit Motivated,Baltimore
800900489,42003,Allegheny,13,West View,Personal & Corporate Design,1353 Alabama Bypass,Bountiful,PA,00245,383,Insured-Subsidized,Housing Authority of Harrison,"1147 Fontinella Green, Phoenix, KS 71889",(412) 196-1262,Profit Motivated,1986-08-24,80763,Pinkie Conley,Balanced Fortune,451 Daniel Burnham Circle,(412) 302-7874,welsh1849@duck.com,Non-Profit,OHP
800361566,42003,Allegheny,12,North Versailles,Burlington Coat Factory,1249 Shephard Green,North Royalton,PA,66973,328,Insured-Subsidized,Housing Authority of Penn Hills,"129 Minnesota Lane, Soledad, NC 47565",(412) 252-1053,Limited Dividend,1967-01-23,407548,Jonas Webster,Megatronic,481 Ludlow Turnpike,(412) 125-7032,treatment1823@duck.com,Profit Motivated,Pittsburgh
800663763,42003,Allegheny,18,Forward,Superior Interior Design,1267 Gatun Ferry,Wyandotte,PA,27256,1,Insured-Subsidized,Housing Authority of Bridgeville,"1064 Guerrero Grove, Mukilteo, KY 93294",(412) 114-3074,Non-Profit,2001-04-07,406082,Voncile Cross,Equifax,1151 Forest Hill Lodge,(412) 571-6368,box1903@gmail.com,Limited Dividend,OHP
800874010,42003,Allegheny,13,Sewickley,952 Augusta Court,648 Trinity Canyon,University City,PA,29401,114,Insured-Subsidized,Housing Authority of Avalon,"223 Garcia Highway, South San Francisco, HI 81573",(412) 257-4819,Limited Dividend,2000-07-05,74806,Milton Moore,Sprint Nextel Corporation,46 Natoma Ferry,(412) 176-6360,ncaa1989@live.com,Profit Motivated,Baltimore
800774425,42003,Allegheny,12,Reserve,Citigroup,395 Wallen Circle,Brea,PA,50533,487,Insured-Unsubsidized,Housing Authority of Wilkins,"645 Thomas Mellon Ferry, Chanhassen, ID 07766",(412) 067-8793,Non-Profit,2022-01-09,3857,Emilio Warren,Dippin' Dots,1357 Racine Viaduct,(412) 270-9323,regularly2083@protonmail.com,Non-Profit,Baltimore
800474936,42003,Allegheny,17,Thornburg,Omni Source,150 Bocana Route,Desert Hot Springs,PA,18864,48,Insured-Subsidized,Housing Authority of Baldwin,"93 Alana Freeway, Gary, WA 05503",(412) 565-6311,Profit Motivated,2015-01-12,13642,China Kennedy,Dream Home Improvements,1338 Greely Annex,(412) 036-2722,big2027@duck.com,Non-Profit,Pittsburgh
800390565,42003,Allegheny,12,North Versailles,Russell Investment Group,93 Carson Landing,Lemon Grove,PA,99865,386,Insured-Unsubsidized,Housing Authority of Edgewood,"730 Stevenson Bypass, Cedar Park, WI 56095",(412) 261-2693,Non-Profit,1998-02-03,92727,Jeanelle Bowen,Starz,1239 Redwood Ranch,(412) 230-1561,theft1899@yandex.com,Limited Dividend,Baltimore
800998595,42003,Allegheny,18,Pleasant Hills,Walgreens,419 Madrone Creek,Tooele,PA,16191,363,Insured-Subsidized,Housing Authority of Pittsburgh,"1119 Lyon Highway, Des Moines, MA 04405",(412) 755-6986,Limited Dividend,2015-06-04,380920,Brendon Wilson,Netobill,752 Schofield Extension,(412) 755-5459,theme2008@protonmail.com,Profit Motivated,OHP
800330603,42003,Allegheny,18,South Park,American Electric Power,1274 Third Hills,Salinas,PA,69365,148,Insured-Unsubsidized,Housing Authority of Ben Avon,"428 Fredson Place, Apache Junction, FL 89338",(412) 163-7942,Profit Motivated,2011-10-25,274023,Alexander Dunlap,Protean,705 Moscow Highway,(412) 285-8080,surge1800@yandex.com,Non-Profit,OHP
800641443,42003,Allegheny,13,Forest Hills,New Era Tickets,1055 Golf Course Stravenue,Pittsburg,PA,79741,489,Insured-Subsidized,Housing Authority of East Pittsburgh,"198 Fernandez Hills, Schaumburg, IA 92305",(412) 603-1033,Profit Motivated,1967-02-07,303587,Harley Reese,Enterprise GP Holdings,785 Cerritos Mews,(412) 940-3593,griffin1822@protonmail.com,Non-Profit,OHP
800792728,42003,Allegheny,16,Franklin Park,844 Ellis Hills,386 Issleib Canyon,Tinton Falls,PA,78447,310,Insured-Subsidized,Housing Authority of Brackenridge,"691 Murray Plaza, Riviera Beach, IA 23619",(412) 186-8478,Limited Dividend,2019-03-01,343218,Elfreda Dunn,Plan Future,272 Shore View Trail,(412) 186-4479,intervention2093@protonmail.com,Limited Dividend,Pittsburgh
800065879,42003,Allegheny,14,Baldwin,Dominion Resources,1202 Fair Terrace,Asbury Park,PA,89458,44,Insured-Unsubsidized,Housing Authority of Jefferson Hills,"275 Seville Park, Indian Trail, NH 55855",(412) 684-4848,Limited Dividend,2014-08-15,198244,Jefferson Becker,Novellus Systems,1364 Hillside Shore,(412) 847-6231,recreational1835@yandex.com,Limited Dividend,Pittsburgh
800270062,42003,Allegheny,12,Mount Oliver,The Liberty Corporation,810 Public Run,Menasha,PA,82358,71,Insured-Subsidized,Housing Authority of Sewickley Heights,"676 Steuben Annex, Watauga, HI 58486",(412) 287-0851,Limited Dividend,1993-02-15,393212,Waylon Jones,AGCO,1125 Palou Crescent,(412) 964-7627,fish2003@yandex.com,Limited Dividend,OHP
800133304,42003,Allegheny,15,East Pittsburgh,SanDisk,1344 Emma Pine,Arnold,PA,05816,171,Insured-Subsidized,Housing Authority of Robinson,"668 Velasco Boulevard, Malden, CA 16221",(412) 576-7050,Non-Profit,1998-12-17,2333,Armando Cline,Infinite Wealth,666 Page Extension,(412) 894-2508,products1861@protonmail.com,Profit Motivated,Pittsburgh
800001825,42003,Allegheny,16,Fox Chapel,146 Valencia Lake,1344 Hudson Pine,Newburgh,PA,23911,204,Insured-Subsidized,Housing Authority of Moon,"1221 Monument Green, Goldsboro, OK 37280",(412) 239-0626,Non-Profit,2012-03-25,49643,Gracia Hanson,Arrow Electronics,920 San Antonio Freeway,(412) 017-2232,infections2048@duck.com,Limited Dividend,Pittsburgh
800280513,42003,Allegheny,16,Hampton,1380 Bepler Alley,1115 Edith Row,Rapid City,PA,70267,454,Insured-Unsubsidized,Housing Authority of Richland,"31 Bertha Mews, Tifton, NM 76207",(412) 748-3188,Non-Profit,2021-04-26,155760,Jewel Frederick,KPMG,126 Westgate Pine,(412) 086-9792,sky1839@duck.com,Profit Motivated,Pittsburgh
800802914,42003,Allegheny,18,Pine,1165 Grant Circle,813 Fredson Junction,Zanesville,PA,99309,333,Insured-Unsubsidized,Housing Authority of Etna,"669 Andrew Ferry, Hemet, VA 08967",(412) 172-2259,Limited Dividend,2000-12-27,81401,Audrie Stevenson,Symantec,1165 Harriet Creek,(412) 244-4032,approximate1845@example.org,Profit Motivated,Pittsburgh
800042264,42003,Allegheny,15,Aspinwall,Vizio,1374 Cowell Bypass,Oakley,PA,75564,293,Insured-Unsubsidized,Housing Authority of Aspinwall,"908 New Montgomery Crescent, Tarpon Springs, WY 05545",(412) 305-3781,Non-Profit,1983-09-06,383818,Giovanni Mccarty,Emcor,179 Jackson Estate,(412) 403-3114,basin1808@protonmail.com,Profit Motivated,Pittsburgh
800439406,42003,Allegheny,14,Frazer,583 C Park,58 Barcelona Rapids,McDonough,PA,43375,288,Insured-Subsidized,Housing Authority of Crafton,"450 Bacon Run, Sun Prairie, KS 88506",(412) 150-7674,Non-Profit,1998-02-06,75757,Jessi Gibbs,Bed Bath & Beyond,853 Leona Expressway,(412) 404-9042,significant1980@example.org,Profit Motivated,Baltimore
800193166,42003,Allegheny,14,Mount Oliver,715 Chula Mews,512 Dewitt Mews,Acworth,PA,94556,382,Insured-Subsidized,Housing Authority of South Versailles,"1265 Madison Grove, Logan, NC 45303",(412) 045-9306,Non-Profit,1977-07-26,318924,Miesha Beard,Borders Group,1025 Midcrest Canyon,(412) 899-3109,combinations2012@example.com,Limited Dividend,Pittsburgh
800498957,42003,Allegheny,18,Duquesne,Manu Connection,883 Hancock Junction,Cartersville,PA,93793,499,Insured-Unsubsidized,Housing Authority of Collier,"293 Richards Estate, Plattsburgh, WY 59894",(412) 015-6517,Non-Profit,1982-03-30,364119,Alberto Rowe,Albertsons LLC,1267 Alhambra Path,(412) 630-4005,moses2050@gmail.com,Limited Dividend,Pittsburgh
800148284,42003,Allegheny,16,Stowe,525 Winn Ranch,703 Arago Extension,Pleasant Grove,PA,50055,371,Insured-Unsubsidized,Housing Authority of Lincoln,"762 Infantry Highway, Opelika, MA 72595",(412) 680-2284,Profit Motivated,1966-12-21,321663,Ramon Walter,Kmart,408 Issleib Spur,(412) 200-2726,consecutive1966@protonmail.com,Limited Dividend,Pittsburgh
800417288,42003,Allegheny,12,Baldwin,1083 Loyola Lodge,418 Daggett Pine,North Chicago,PA,81323,193,Insured-Unsubsidized,Housing Authority of Pine,"797 Wallace Road, Kokomo, OH 89261",(412) 070-8727,Profit Motivated,1988-10-30,338372,Dante Williams,Asiatic Solutions,637 Holloway Lodge,(412) 289-6618,sale1998@outlook.com,Limited Dividend,Baltimore
800301679,42003,Allegheny,13,Oakdale,Prestiga-Biz,792 Striped Bass Freeway,Spokane Valley,PA,07180,461,Insured-Subsidized,Housing Authority of Heidelberg,"878 Curtis Square, Lino Lakes, TX 44256",(412) 190-4222,Limited Dividend,2020-05-16,338229,Meggan Reynolds,Cogent Communications,153 Kittredge Lake,(412) 399-6336,adolescent1923@duck.com,Non-Profit,Pittsburgh
800180599,42003,Allegheny,15,Dravosburg,Vulcan Corporation,796 South Park Park,Cuyahoga Falls,PA,40179,297,Insured-Unsubsidized,Housing Authority of Oakmont,"72 Joy Hills, Escondido, TX 11048",(412) 690-8123,Profit Motivated,2009-05-08,33999,Eufemia Weber,Netaid,1122 Manzanita Landing,(412) 364-3510,generic2039@example.org,Limited Dividend,OHP
800256041,42003,Allegheny,18,Emsworth,149 Reuel Manor,595 Newman Circle,Seattle,PA,29010,280,Insured-Subsidized,Housing Authority of Monroeville,"201 Country Club Circle, Orem, UT 25038",(412) 841-6308,Limited Dividend,1986-03-30,341029,Altha Whitehead,Avnet,1313 Mendell Avenue,(412) 476-4760,funds1870@yahoo.com,Profit Motivated,Pittsburgh
800143244,42003,Allegheny,14,Duquesne,738 Dawnview Junction,487 Surrey Hills,Bridgeport,PA,12726,213,Insured-Subsidized,Housing Authority of Plum,"372 Hilton Bypass, Pompano Beach, IA 32871",(412) 161-5672,Limited Dividend,2006-07-24,371659,Joane Rodriquez,Creative Wealth,1247 Catherine Landing,(412) 774-1513,crucial2073@outlook.com,Non-Profit,Baltimore
800021419,42003,Allegheny,14,East McKeesport,575 Lettuce Bypass,731 Las Villas Freeway,Vestavia Hills,PA,26024,279,Insured-Subsidized,Housing Authority of Harrison,"248 Roemer Square, Oak Ridge, FL 44134",(412) 465-7681,Profit Motivated,1986-04-07,309328,Mafalda Hubbard,CKE Restaurants,1216 Parque Freeway,(412) 483-4826,reforms1924@gmail.com,Profit Motivated,OHP
800346372,42003,Allegheny,12,Moon,Circuit Design,173 Jennifer Terrace,Wildwood,PA,71935,481,Insured-Subsidized,Housing Authority of Oakdale,"278 Saturn Row, Aliso Viejo, MN 40895",(412) 335-8634,Profit Motivated,2002-03-12,221269,Brice Sheppard,America Online,1133 Loehr Ferry,(412) 401-8119,budapest1895@outlook.com,Limited Dividend,Baltimore
800859424,42003,Allegheny,15,South Fayette,American Financial Group,1313 Crescent Ranch,Tualatin,PA,72543,290,Insured-Subsidized,Housing Authority of Glenfield,"1181 Codman Garden, Corinth, CT 73858",(412) 374-1005,Profit Motivated,1970-01-18,261516,Kaleigh Schmidt,Antec,1047 Banbury Lake,(412) 021-5745,not1963@example.com,Limited Dividend,Pittsburgh
800841517,42003,Allegheny,16,Indiana,780 Middle West Shore,725 Codman Bayou,Pinole,PA,47766,216,Insured-Unsubsidized,Housing Authority of Crafton,"439 Springfield Court, Broken Arrow, WV 40166",(412) 581-1572,Limited Dividend,2020-08-06,368541,Dana Carey,Strong Life,267 Owens Crossing,(412) 374-1141,apps1846@example.org,Profit Motivated,Pittsburgh
800306369,42003,Allegheny,14,Reserve,824 Reservoir Lodge,1131 Seawell Freeway,Binghamton,PA,73805,423,Insured-Subsidized,Housing Authority of Bellevue,"245 Healy Plaza, De Pere, DE 13474",(412) 948-1991,Non-Profit,1986-11-14,240204,Olinda Harrington,PepsiCo,109 Boalt Bayou,(412) 703-7093,pour1986@duck.com,Non-Profit,OHP
800245175,42003,Allegheny,15,Glassport,Sequoia Voting Systems,141 Alemany Hill,Wheat Ridge,PA,27972,408,Insured-Subsidized,Housing Authority of Bridgeville,"594 Maiden Route, Coral Gables, AZ 99889",(412) 339-4036,Non-Profit,2008-05-23,142636,Clark Goodman,Alladin's Lamp,516 Lansing Junction,(412) 430-1099,league1882@yandex.com,Profit Motivated,Pittsburgh
800095735,42003,Allegheny,15,East Deer,226 Geneva Spur,1341 Hunter Field,Dinuba,PA,73970,67,Insured-Subsidized,Housing Authority of Reserve,"710 Whitney Young Avenue, McAllen, ME 94488",(412) 363-3740,Profit Motivated,2000-02-09,10153,Burt Whitehead,Avant Garde Interior Designs,1156 Shannon Bypass,(412) 655-7103,smooth2013@example.org,Limited Dividend,Pittsburgh
800089044,42003,Allegheny,12,Harmar,Devon Energy,821 Moncada Canyon,Annapolis,PA,33770,449,Insured-Unsubsidized,Housing Authority of Sewickley Heights,"597 Glover Drive, Coronado, SD 47230",(412) 304-7120,Limited Dividend,1972-04-16,286994,Brice Johnson,Eden Lawn Service,96 Holloway Pike,(412) 408-4613,images2033@outlook.com,Profit Motivated,Pittsburgh
800596883,42003,Allegheny,17,Scott,First Hawaiian Bank,1211 Tiffany Stravenue,Bellevue,PA,96832,371,Insured-Subsidized,Housing Authority of Reserve,"1280 Revere Turnpike, Miami Lakes, CO 71967",(412) 869-1672,Non-Profit,2017-11-13,350683,Trinidad Fisher,Go Daddy,123 Fair Oaks Ferry,(412) 008-4200,fuzzy2096@duck.com,Limited Dividend,Baltimore
800434820,42003,Allegheny,15,Chalfant,Musco Lighting,183 Veterans Drive,New Haven,PA,23155,46,Insured-Subsidized,Housing Authority of Ben Avon,"933 Hayes Lake, Paradise, MT 37448",(412) 692-8197,Profit Motivated,1973-09-06,225395,Robbie Pate,OPOWER,35 Broadmoor Ranch,(412) 674-8903,boys1802@duck.com,Limited Dividend,OHP
800086410,42003,Allegheny,14,Aspinwall,Prestigabiz,68 Banneker Street,El Paso,PA,38578,73,Insured-Subsidized,Housing Authority of Marshall,"1110 Balceta Cove, Watsonville, GA 52859",(412) 314-7743,Profit Motivated,2005-12-23,310270,Kim Hancock,Enterprise GP Holdings,1152 Lower Fort Mason Bridge,(412) 495-6029,females1807@example.com,Non-Profit,OHP
800963259,42003,Allegheny,12,Versailles,Perisolution,915 Freelon Canyon,Shively,PA,28937,203,Insured-Subsidized,Housing Authority of North Versailles,"208 Kenneth Rexroth Hill, Leawood, NH 81528",(412) 856-1371,Limited Dividend,1990-06-12,128961,Theo Phelps,Wynn Resorts,216 Battery Cranston Grove,(412) 714-0996,diameter1847@yahoo.com,Limited Dividend,Baltimore
800475879,42003,Allegheny,13,Sewickley,Multicerv,1142 Hayward Grove,Arlington Heights,PA,12195,143,Insured-Subsidized,Housing Authority of Edgeworth,"145 Melra Highway, Placentia, LA 31655",(412) 823-9818,Profit Motivated,1995-08-25,140633,Riva Thompson,Integra Wealth Planners,1369 Zoe Landing,(412) 459-2186,soup2061@protonmail.com,Limited Dividend,Pittsburgh
800482338,42003,Allegheny,17,Oakdale,248 Nellie Expressway,591 Pacheco Lane,Great Falls,PA,51609,95,Insured-Unsubsidized,Housing Authority of West Elizabeth,"153 Bank Estate, Beckley, SC 32366",(412) 442-2441,Non-Profit,2005-10-30,162546,Blondell Ayala,Monsanto Company,82 Boutwell Road,(412) 183-6335,float1949@example.org,Limited Dividend,Baltimore
800888232,42003,Allegheny,15,Homestead,78 King Alley,219 Petrarch Route,Forest Lake,PA,27088,120,Insured-Unsubsidized,Housing Authority of West Mifflin,"144 Pontiac Trail, Fort Walton Beach, MA 07860",(412) 563-7127,Non-Profit,2022-04-19,373393,Bryanna Keith,Zephyr Investments,95 Mirabel Hills,(412) 228-7686,honors2088@example.com,Limited Dividend,Pittsburgh
800991514,42003,Allegheny,12,Scott,282 Park Hill Station,184 Uranus Shore,Watauga,PA,96284,167,Insured-Unsubsidized,Housing Authority of Coraopolis,"1275 Havenside Mews, Libertyville, ID 98808",(412) 995-0074,Profit Motivated,1975-08-11,122635,Jefferson Sullivan,Gold Touch,485 Minna Ferry,(412) 856-0171,street1894@gmail.com,Profit Motivated,OHP
800115954,42003,Allegheny,13,Brackenridge,American Eagle Outfitters,1130 Northpoint Cove,Englewood,PA,24800,254,Insured-Subsidized,Housing Authority of Ben Avon Heights,"233 Macalla Canyon, Agawam, GA 02268",(412) 899-2121,Non-Profit,1990-01-25,400763,Johnie Yang,Stratacard,147 Alabama Square,(412) 688-5870,delight1888@example.com,Limited Dividend,Baltimore
800017992,42003,Allegheny,17,Stowe,603 Saddleback Freeway,703 Peralta Park,El Centro,PA,60071,167,Insured-Subsidized,Housing Authority of Verona,"1061 Bayview Pike, Yuba City, NV 01490",(412) 135-5087,Profit Motivated,1979-11-12,206570,Garland Fletcher,Alienware,369 Madrid Bend,(412) 388-7962,experimental1915@yandex.com,Limited Dividend,Baltimore
800040584,42003,Allegheny,18,Ohio,191 Bernice Place,1133 Van Keuren Viaduct,North Canton,PA,28245,228,Insured-Subsidized,Housing Authority of Aleppo,"663 Woodside Boulevard, Hercules, MO 41083",(412) 687-6326,Non-Profit,2012-10-06,186185,Lucien Henderson,Antec,5 South Lane,(412) 095-1997,stroke1972@gmail.com,Profit Motivated,Pittsburgh
800003554,42003,Allegheny,18,Forward,1395 Pennington Annex,641 Marvel Crossing,Herriman,PA,56100,106,Insured-Unsubsidized,Housing Authority of Sewickley Hills,"859 Meadowbrook Mews, Redlands, RI 87495",(412) 297-8159,Non-Profit,1966-05-15,269837,Hisako Greene,Kurzweil Educational Systems,483 Penny Point,(412) 115-5848,pierre2073@outlook.com,Limited Dividend,OHP
800787803,42003,Allegheny,12,Whitaker,Maxtor Corporation,344 Union Bayou,Beloit,PA,35935,314,Insured-Unsubsidized,Housing Authority of South Fayette,"523 Joost Bridge, Rockwall, IL 07925",(412) 604-0672,Profit Motivated,1973-04-26,91357,Herman Leblanc,BB&T Corporation,596 Newhall Trace,(412) 765-4374,personality2067@gmail.com,Limited Dividend,OHP
800222473,42003,Allegheny,18,Findlay,THQ,434 Massachusetts Place,Terre Haute,PA,23721,112,Insured-Unsubsidized,Housing Authority of Brackenridge,"332 Exposition Bypass, Johns Creek, SD 86824",(412) 597-2361,Non-Profit,1977-10-11,84050,Stan Coffey,Lexmark,470 Islais Annex,(412) 832-7046,appliance1845@duck.com,Profit Motivated,Pittsburgh
800124042,42003,Allegheny,14,Stowe,Discovery Communications,241 Ohlone Garden,Plant City,PA,25006,93,Insured-Unsubsidized,Housing Authority of Churchill,"1215 Encline Station, San Fernando, OK 47281",(412) 980-9396,Profit Motivated,2009-08-24,232835,Darrell Cabrera,Farnod,854 Lois Square,(412) 857-9279,all1844@outlook.com,Limited Dividend,Baltimore
800299303,42003,Allegheny,13,Sewickley Heights,478 Robinhood Ranch,649 Arelious Walker Row,Margate,PA,54293,233,Insured-Unsubsidized,Housing Authority of Forward,"200 Sampson Ferry, Brigham City, CO 33017",(412) 314-1206,Non-Profit,2012-06-02,335632,Darren Bonner,Envirotecture Design Service,77 South Park,(412) 604-2906,choir2089@example.org,Non-Profit,OHP
800555177,42003,Allegheny,16,Kilbuck,Omni Architectural Designs,1153 Arballo Gardens,Steubenville,PA,21779,387,Insured-Subsidized,Housing Authority of Findlay,"916 Hemdale Grove, Fredericksburg, IN 89227",(412) 639-1338,Limited Dividend,1986-09-15,173218,Ollie Blanchard,Becton Dickinson,126 Faith Canyon,(412) 346-4189,beer1941@protonmail.com,Profit Motivated,Baltimore
800593159,42003,Allegheny,14,Leetsdale,1331 Carroll Row,1189 Finley Crossing,Paragould,PA,57317,449,Insured-Subsidized,Housing Authority of Mount Oliver,"26 Egbert Street, Paso Robles, NM 93930",(412) 610-6562,Non-Profit,1973-08-11,379668,Rochell Coleman,Prestiga-Biz,47 R Turnpike,(412) 548-4887,repair1991@gmail.com,Profit Motivated,Baltimore
800233155,42003,Allegheny,17,Franklin Park,Hawaiian Airlines,908 Redfield Crescent,Valparaiso,PA,81362,26,Insured-Subsidized,Housing Authority of Leet,"1387 Monument Row, Manhattan Beach, NY 43439",(412) 125-3872,Non-Profit,1968-04-03,156787,Hermila Cabrera,JetBlue Airways,22 Essex Spur,(412) 711-1617,triangle2050@yandex.com,Limited Dividend,Baltimore
800858900,42003,Allegheny,13,Sewickley Heights,55 Diaz Lane,1037 Poppy Path,Pampa,PA,37297,386,Insured-Subsidized,Housing Authority of Whitehall,"55 Old Decatur Highway, Largo, ND 74490",(412) 701-3007,Limited Dividend,1983-01-13,38125,Lauran Stanton,Dean Foods,170 Ralston Road,(412) 686-2479,lessons2009@yahoo.com,Profit Motivated,Baltimore
800676351,42003,Allegheny,16,Sewickley,668 Cascade Annex,936 Ohlone Landing,Enid,PA,42567,95,Insured-Unsubsidized,Housing Authority of Rosslyn Farms,"1314 Tehama Turnpike, Mount Juliet, CT 91426",(412) 184-0366,Limited Dividend,1977-09-03,105250,Edison Sloan,El Paso Corp.,1053 Lyell Arcade,(412) 471-6101,merge1910@protonmail.com,Profit Motivated,Pittsburgh
800375457,42003,Allegheny,13,Scott,624 Staples Arcade,998 Shafter Ferry,Searcy,PA,59288,116,Insured-Unsubsidized,Housing Authority of West View,"649 Cuba Bypass, North Little Rock, WV 20334",(412) 290-0422,Limited Dividend,1985-03-29,412584,Johnathan Jarvis,Burger King Holdings,1373 Mary Stravenue,(412) 975-7697,subscribers2081@outlook.com,Profit Motivated,Pittsburgh
800567197,42003,Allegheny,14,Verona,725 Larkin Glen,893 Shipley Cove,Lomita,PA,26448,298,Insured-Unsubsidized,Housing Authority of Forward,"376 Stillman Point, New Smyrna Beach, WY 48131",(412) 467-5878,Profit Motivated,1980-07-12,40545,Deshawn Galloway,Alaska Air Group,210 Arago Hills,(412) 925-1403,display1855@yahoo.com,Profit Motivated,Baltimore
800670767,42003,Allegheny,12,Chalfant,IBM,921 Nobles Point,Enid,PA,83470,438,Insured-Subsidized,Housing Authority of Swissvale,"1143 Gerke Highway, Oceanside, OR 09893",(412) 608-7158,Limited Dividend,1990-04-23,160543,Lyndon Fitzpatrick,Signa Air,456 Teddy Center,(412) 727-7659,enormous1940@yandex.com,Profit Motivated,Pittsburgh
800230863,42003,Allegheny,13,Blawnox,684 Fella Plaza,3 Seymour Glen,Pico Rivera,PA,76465,453,Insured-Subsidized,Housing Authority of Moon,"516 Lapham Bridge, Davis, TX 54382",(412) 334-0033,Non-Profit,1967-08-16,221968,Lavern Rich,Autoliv,1381 Lisbon Park,(412) 609-8699,physicians1953@live.com,Profit Motivated,Baltimore
